time,,gzip-pack,,matmul-p,,linpack-p,,chameleon-p,,float-operations-p,,face-detect-pigo-p,,dd,,sentimentanalysis-p,,face-detect-opencv-p,,image-process-p,,pyaes-p,,video-process-p,,CNN-p,,,,LR,,Total
0,,0,,0,,0,,0,,0,,0,,0,,0.00306,,0,,0,,0.00306,,0.00896,,0.03,,,,0.02696,,0.07204
15,,0,,0,,0,,0,,0,,0,,0,,0.00306,,0,,0,,0.00306,,0.00896,,0.03,,,,0.02696,,0.07204
30,,0,,0,,0.00406,,0,,0.00406,,0,,0,,0.00406,,0.0031262,,18.7245,,0,,0.002824,,0.02264,,,,0.02264,,18.7879102
45,,0,,0,,0.00406,,0,,0.00406,,0,,0,,0.00406,,0.0031262,,18.7245,,0,,0.002824,,0.02264,,,,0.02264,,18.7879102
60,,0.00307,,0.00307,,0,,0.00307,,0.00615,,0.00615,,4.8392,,0.00307,,48.881217,,20.9857,,0.00307,,49.01944,,29.82744,,,,0.01904,,153.599687
75,,0.00307,,0.00307,,0,,0.00307,,0.00615,,0.00615,,4.8392,,0.00307,,48.881217,,20.9857,,0.00307,,49.01944,,29.82744,,,,0.01904,,153.599687
90,,0,,0,,0.00283,,0,,0,,27.5381,,3.8417,,0,,60.754078,,19.5248,,22.8213,,47.16136,,32.73016,,,,0.0388,,214.413128
105,,0,,0,,0.00283,,0,,0,,27.5381,,3.8417,,0,,60.754078,,19.5248,,22.8213,,47.16136,,32.73016,,,,0.0388,,214.413128
120,,0,,0,,0,,0.0103,,0,,31.9024,,4.7518,,0,,52.452939,,21.6334,,23.1845,,50.00312,,29.26816,,,,67.83656,,281.043179
135,,0,,0,,0,,0.0103,,0,,31.9024,,4.7518,,0,,52.452939,,21.6334,,23.1845,,50.00312,,29.26816,,,,67.83656,,281.043179
150,,0,,0,,0,,0,,0,,29.1176,,4.0879,,0,,45.718673,,19.7462,,20.9182,,46.25136,,31.79752,,,,63.61584,,261.253293
165,,0,,0,,0,,0,,0,,29.1176,,4.0879,,0,,45.718673,,19.7462,,20.9182,,46.25136,,31.79752,,,,63.61584,,261.253293
180,,0,,0,,0,,0,,0,,33.7405,,4.9985,,11.7324,,57.195677,,20.3245,,0,,48.1516,,28.72568,,,,66.70592,,271.574777
195,,0,,0,,0,,0,,0,,33.7405,,4.9985,,9.9692,,57.195677,,20.3245,,0,,48.1516,,28.72568,,,,66.70592,,269.811577
210,,0,,0,,0,,0,,0,,25.8821,,4.1824,,9.9692,,0,,21.1492,,0,,50.75296,,30.8908,,,,62.06744,,204.8941
225,,0,,0,,0,,0,,0,,25.8821,,4.1824,,12.4128,,0,,21.1492,,0,,50.75296,,30.8908,,,,62.06744,,207.3377
240,,0,,0,,0,,0,,0,,34.6133,,4.8123,,12.4128,,0,,18.8473,,0,,45.55096,,32.98032,,,,65.38624,,214.60322
255,,0,,0,,0,,0,,0,,34.6133,,4.8123,,10.8624,,0,,18.8473,,0,,45.55096,,32.98032,,,,65.38624,,213.05282
270,,0,,0,,0,,0,,0,,26.2498,,3.9468,,10.8624,,0,,20.5924,,0,,47.898,,28.91184,,,,64.77368,,203.23492
285,,0,,0,,0,,0,,0,,26.2498,,3.9468,,11.2981,,0,,20.5924,,0,,47.898,,28.91184,,,,64.77368,,203.67062
300,,0.00869,,0,,0,,0,,0,,30.0817,,4.9735,,11.2981,,0,,19.9129,,24.3958,,49.42824,,30.36128,,,,67.38088,,237.84109
315,,0.00869,,0,,0,,0,,0,,30.0817,,4.9735,,9.8765,,45.175515,,19.9129,,24.3958,,49.42824,,30.36128,,,,67.38088,,281.595005
330,,0,,0,,0,,0,,0,,32.4519,,4.3918,,9.8765,,50.360156,,21.5683,,22.6148,,46.09184,,31.28392,,,,62.70096,,281.340176
345,,0,,0,,0,,0,,0,,32.4519,,4.3918,,12.6917,,50.360156,,21.5683,,22.6148,,46.09184,,31.28392,,,,62.70096,,284.155376
360,,0,,0,,0,,0,,0.013,,28.376,,4.5647,,12.6917,,56.324961,,18.9714,,23.2952,,50.55928,,32.38616,,,,67.12512,,294.307521
375,,0,,0,,0,,0,,0.013,,28.376,,4.5647,,10.3476,,56.324961,,18.9714,,23.2952,,50.55928,,32.38616,,,,67.12512,,291.963421
390,,0.0118,,0,,0,,0,,0,,31.2943,,3.9381,,10.3476,,63.907305,,20.8425,,21.2091,,46.65968,,31.03936,,,,63.3548,,292.604545
405,,0.0118,,0,,0,,0,,0,,31.2943,,3.9381,,11.9654,,63.907305,,20.8425,,21.2091,,46.65968,,31.03936,,,,0,,230.867545
420,,0,,0,,0,,0.0151,,0,,33.5672,,4.8417,,11.9654,,47.340909,,19.2647,,24.5456,,50.29144,,29.39928,,,,0,,221.231329
435,,0,,0,,0,,0.0151,,0,,33.5672,,4.8417,,9.6823,,47.340909,,19.2647,,24.5456,,50.29144,,29.39928,,,,0,,218.948229
450,,0,,0.0123,,0,,0,,0,,25.0119,,4.2895,,9.6823,,44.124234,,21.7121,,22.8724,,45.36736,,33.10096,,,,0,,206.173054
465,,0,,0.0123,,0,,0,,0,,25.0119,,4.2895,,12.5389,,44.124234,,21.7121,,22.8724,,45.36736,,33.10096,,,,0,,209.029654
480,,0,,0,,0,,0,,0,,29.8735,,4.7683,,12.5389,,56.101892,,19.1849,,23.7615,,48.5988,,29.99872,,,,0,,224.826512
495,,0,,0,,0,,0,,0,,29.8735,,4.7683,,10.9423,,56.101892,,19.1849,,23.7615,,48.5988,,29.99872,,,,0,,223.229912
510,,0,,0,,0,,0,,0,,27.1866,,4.0796,,10.9423,,46.927419,,20.4582,,20.6743,,47.38544,,28.6508,,,,0,,206.304659
525,,0,,0,,0,,0,,0,,27.1866,,4.0796,,11.1149,,46.927419,,20.4582,,20.6743,,47.38544,,28.6508,,,,0,,206.477259
540,,0,,0,,0,,0,,0,,34.0209,,4.9972,,11.1149,,59.560886,,18.8953,,24.1786,,50.82784,,32.78856,,,,0,,236.384186
555,,0,,0,,0,,0,,0,,34.0209,,4.9972,,9.7268,,59.560886,,18.8953,,24.1786,,50.82784,,32.78856,,,,0,,234.996086
570,,0.00181,,0,,0,,0,,0,,30.5514,,3.8537,,9.7268,,61.305398,,0,,21.9729,,49.16656,,31.50496,,,,0,,208.083528
585,,0.00181,,0,,0,,0,,0,,30.5514,,3.8537,,12.4213,,61.305398,,0,,21.9729,,49.16656,,31.50496,,,,0,,210.778028
600,,0,,0,,0,,0.00291,,0.00291,,26.7842,,4.6153,,12.4213,,53.218781,,0,,0,,45.47976,,29.73912,,,,0,,172.264281
615,,0,,0,,0,,0.00291,,0.00291,,26.7842,,4.6153,,10.5349,,53.218781,,0,,0,,45.47976,,29.73912,,,,0,,170.377881
630,,1.16,,1.47,,1.49,,1.15,,1.45,,32.8993,,4.1269,,10.5349,,0,,0,,0,,49.67784,,29.02696,,,,0,,132.9859
645,,1.16,,1.47,,1.49,,1.15,,1.45,,32.8993,,4.1269,,11.8127,,0,,0,,0,,49.67784,,29.02696,,,,0,,134.2637
660,,1.69,,2.08,,2.06,,1.61,,2,,28.1407,,4.9342,,11.8127,,0,,0,,0,,46.83408,,32.5812,,,,0,,133.74288
675,,1.69,,2.08,,2.06,,1.61,,2,,28.1407,,4.9342,,10.0372,,0,,0,,0,,46.83408,,32.5812,,,,0,,131.96738
690,,1.2,,1.6,,1.53,,1.24,,1.58,,31.665,,4.2739,,10.0372,,0,,18.7327,,0,,47.99312,,30.51424,,,,0,,150.36616
705,,1.2,,1.6,,1.53,,1.24,,1.58,,31.665,,4.2739,,12.6124,,0,,18.7327,,0,,47.99312,,30.51424,,,,0,,152.94136
720,,1.09,,1.38,,1.3,,1.1,,1.38,,33.9188,,4.5978,,12.6124,,0,,20.2165,,23.1296,,50.90728,,31.974,,,,62.43648,,246.04286
735,,1.09,,1.38,,1.3,,1.1,,1.38,,33.9188,,4.5978,,10.7681,,54.282613,,20.2165,,23.1296,,50.90728,,31.974,,,,62.43648,,298.481173
750,,1.06,,1.36,,1.25,,1.04,,1.34,,25.4332,,4.3629,,10.7681,,51.080799,,19.8654,,21.8347,,45.90064,,28.77144,,,,66.41184,,280.479019
765,,1.06,,1.36,,1.25,,1.04,,1.34,,25.4332,,4.3629,,11.5472,,51.080799,,19.8654,,21.8347,,45.90064,,28.77144,,,,66.41184,,281.258119
780,,0.888,,1.12,,1.03,,0.888,,1.1,,29.6215,,4.8709,,11.5472,,55.522698,,21.4892,,24.3135,,49.37872,,30.25728,,,,64.17552,,296.202518
795,,0.888,,1.12,,1.03,,0.888,,1.1,,29.6215,,4.8709,,9.9368,,55.522698,,21.4892,,24.3135,,49.37872,,30.25728,,,,64.17552,,294.592118
810,,0.915,,1.14,,1.14,,0.943,,1.17,,27.9577,,3.8904,,9.9368,,61.839316,,18.6142,,22.5471,,46.48736,,32.49072,,,,67.66144,,296.733036
825,,0.915,,1.14,,1.14,,0.943,,1.17,,27.9577,,3.8904,,12.2857,,61.839316,,18.6142,,22.5471,,46.48736,,32.49072,,,,67.66144,,299.081936
840,,0.714,,0.923,,0.982,,0.774,,1.01,,34.2081,,4.7327,,12.2857,,53.055002,,20.6359,,23.9843,,50.1268,,30.73608,,,,63.69704,,297.864622
855,,0.714,,0.923,,0.982,,0.774,,1.01,,34.2081,,4.7327,,10.1862,,53.055002,,20.6359,,23.9843,,50.1268,,30.73608,,,,63.69704,,295.765122
870,,0.804,,0.995,,0.995,,0.804,,1.23,,30.3346,,4.0448,,10.1862,,57.841784,,19.5138,,20.9156,,48.35056,,29.54712,,,,65.89056,,291.453024
885,,0.804,,0.995,,0.995,,0.804,,1.23,,30.3346,,4.0448,,11.9631,,57.841784,,19.5138,,20.9156,,48.35056,,29.54712,,,,65.89056,,293.229924
900,,0.688,,0.859,,0.859,,0.688,,0.817,,26.5019,,5.0813,,11.9631,,60.403189,,21.2547,,24.6524,,50.49584,,31.43,,,,62.94968,,298.643109
915,,0.688,,0.859,,0.859,,0.688,,0.817,,26.5019,,5.0813,,9.6145,,60.403189,,21.2547,,24.6524,,50.49584,,31.43,,,,62.94968,,296.294509
930,,0.747,,0.862,,0.862,,0.747,,0.862,,32.1884,,4.2287,,9.6145,,45.454255,,19.8765,,22.3495,,45.26648,,33.19744,,,,67.46512,,283.720895
945,,0.747,,0.862,,0.862,,0.747,,0.862,,32.1884,,4.2287,,12.7148,,45.454255,,19.8765,,22.3495,,45.26648,,33.19744,,,,67.46512,,286.821195
960,,0.693,,0.847,,0.693,,0.693,,0.924,,28.7752,,4.7882,,12.7148,,0,,20.7743,,23.2428,,0,,30.08696,,,,64.91176,,189.14402
975,,0.693,,0.847,,0.693,,0.693,,0.924,,28.7752,,4.7882,,10.9378,,0,,20.7743,,23.2428,,0,,30.08696,,,,64.91176,,187.36702
990,,0.682,,0.821,,0.783,,0.657,,0.821,,31.0456,,3.9265,,10.9378,,0,,18.9517,,21.6589,,0,,28.56736,,,,66.918,,185.76986
1005,,0.682,,0.821,,0.783,,0.657,,0.821,,31.0456,,3.9265,,11.4821,,0,,18.9517,,21.6589,,0,,28.56736,,,,66.918,,186.31416
1020,,0.602,,0.716,,0.727,,0.625,,0.704,,33.3989,,4.6593,,11.4821,,0,,21.6784,,24.2118,,0,,31.1164,,,,63.24328,,193.16418
1035,,0.602,,0.716,,0.727,,0.625,,0.704,,33.3989,,4.6593,,9.8032,,0,,21.6784,,24.2118,,0,,31.1164,,,,63.24328,,191.48528
1050,,0.632,,0.758,,0.745,,0.632,,0.783,,25.6923,,4.3658,,9.8032,,0,,19.4372,,22.1032,,0,,29.20872,,,,67.85008,,182.0105
1065,,0.632,,0.758,,0.745,,0.632,,0.783,,25.6923,,4.3658,,12.5384,,43.820161,,19.4372,,22.1032,,0,,29.20872,,,,67.85008,,228.565861
1080,,0.632,,0.786,,0.786,,0.575,,0.744,,29.3511,,4.9517,,12.5384,,59.898685,,20.1568,,23.8416,,0,,32.10768,,,,64.30872,,250.677685
1095,,0.632,,0.786,,0.786,,0.575,,0.744,,29.3511,,4.9517,,10.4829,,59.898685,,20.1568,,23.8416,,0,,32.10768,,,,64.30872,,248.622185
1110,,0.607,,0.748,,0.762,,0.607,,0.734,,27.4118,,4.0841,,10.4829,,54.414206,,21.3419,,20.5972,,0,,30.38064,,,,66.18784,,238.358586
1125,,0.607,,0.748,,0.762,,0.607,,0.734,,27.4118,,4.0841,,11.8975,,54.414206,,21.3419,,20.5972,,0,,30.38064,,,,66.18784,,239.773186
1140,,0.587,,0.73,,0.794,,0.587,,0.762,,34.809,,4.8987,,11.8975,,48.710123,,19.6124,,24.4659,,0,,31.84096,,,,61.9948,,241.689383
1155,,0.587,,0.73,,0.794,,0.587,,0.762,,34.809,,4.8987,,9.6854,,48.710123,,19.6124,,24.4659,,0,,31.84096,,,,61.9948,,239.477283
1170,,0.586,,0.737,,0.653,,0.552,,0.686,,30.8625,,4.1994,,9.6854,,57.616251,,20.9412,,22.6513,,0,,33.01944,,,,66.63208,,248.821571
1185,,0.586,,0.737,,0.653,,0.552,,0.686,,30.8625,,4.1994,,12.3637,,57.616251,,20.9412,,22.6513,,0,,33.01944,,,,66.63208,,251.499871
1200,,0.567,,0.674,,0.656,,0.514,,0.692,,26.0712,,4.7625,,12.3637,,60.836699,,0,,23.7394,,0,,29.45896,,,,65.53136,,225.866819
1215,,0.567,,0.674,,0.656,,0.514,,0.692,,26.0712,,4.7625,,0,,60.836699,,0,,23.7394,,0,,29.45896,,,,65.53136,,213.503119
1230,,0.54,,0.72,,0.64,,0.6,,0.74,,32.7247,,3.9741,,0,,44.838563,,0,,21.2897,,0,,30.49112,,,,67.34312,,203.901303
1245,,0.54,,0.72,,0.64,,0.6,,0.74,,32.7247,,3.9741,,0,,44.838563,,0,,21.2897,,0,,30.49112,,,,67.34312,,203.901303
1260,,0.504,,0.68,,0.658,,0.57,,0.746,,28.5996,,5.0218,,0,,52.800902,,0,,24.3021,,0,,32.61928,,,,63.178,,209.679682
1275,,0.504,,0.68,,0.658,,0.57,,0.746,,28.5996,,5.0218,,9.9237,,52.800902,,0,,24.3021,,0,,32.61928,,,,63.178,,219.603382
1290,,0.564,,0.591,,0.618,,0.51,,0.645,,31.4551,,4.3129,,9.9237,,46.340371,,0,,22.7498,,0,,28.7412,,,,66.82592,,213.276991
1305,,0.564,,0.591,,0.618,,0.51,,0.645,,31.4551,,4.3129,,12.6214,,46.340371,,0,,22.7498,,0,,28.7412,,,,66.82592,,215.974691
1320,,0.488,,0.632,,0.603,,0.488,,0.661,,33.1204,,4.4915,,12.6214,,62.574666,,21.1035,,23.4579,,0,,31.30208,,,,64.59648,,256.139926
1335,,0.488,,0.632,,0.603,,0.488,,0.661,,33.1204,,4.4915,,10.8135,,62.574666,,21.1035,,23.4579,,0,,31.30208,,,,64.59648,,254.332026
1350,,0.506,,0.578,,0.651,,0.506,,0.542,,25.2289,,3.8925,,10.8135,,56.639737,,19.1942,,20.8135,,0,,29.80104,,,,62.33024,,231.496617
1365,,0.506,,0.578,,0.651,,0.506,,0.542,,25.2289,,3.8925,,11.2178,,56.639737,,19.1942,,20.8135,,0,,29.80104,,,,62.33024,,231.900917
1380,,0.451,,0.677,,0.587,,0.542,,0.587,,29.9806,,4.8419,,11.2178,,48.085114,,20.4859,,24.6938,,0,,33.27856,,,,67.75936,,243.187034
1395,,0.451,,0.677,,0.587,,0.542,,0.587,,29.9806,,4.8419,,9.7698,,48.085114,,20.4859,,24.6938,,0,,33.27856,,,,67.75936,,241.739034
1410,,0.541,,0.487,,0.596,,0.487,,0.65,,27.8115,,4.1413,,9.7698,,60.316333,,18.9261,,22.3859,,0,,30.82592,,,,63.53304,,240.470893
1425,,0.541,,0.487,,0.596,,0.487,,0.65,,27.8115,,4.1413,,12.4987,,60.316333,,18.9261,,22.3859,,46.9956,,30.82592,,,,63.53304,,290.195393
1440,,0.584,,0.584,,0.511,,0.511,,0.657,,34.4283,,4.6092,,12.4987,,58.516689,,21.7113,,23.9147,,51.02672,,29.33984,,,,65.026,,303.918449
1455,,0.584,,0.584,,0.511,,0.511,,0.657,,34.4283,,4.6092,,10.6314,,58.516689,,21.7113,,23.9147,,51.02672,,29.33984,,,,65.026,,302.051149
1470,,0.349,,0.524,,0.785,,0.262,,0.698,,30.1557,,4.3735,,10.6314,,53.494672,,19.5148,,21.1128,,45.80936,,32.71672,,,,67.00672,,287.433672
1485,,0.349,,0.524,,0.785,,0.262,,0.698,,30.1557,,4.3735,,11.8249,,53.494672,,19.5148,,21.1128,,45.80936,,32.71672,,,,67.00672,,288.627172
1500,,0.157,,0.47,,0.783,,0.626,,0.626,,26.4173,,4.9456,,11.8249,,61.998244,,20.8721,,0,,49.66032,,29.95136,,,,64.15664,,272.488464
1515,,0.157,,0.47,,0.783,,0.626,,0.626,,26.4173,,4.9456,,9.8935,,61.998244,,20.8721,,0,,49.66032,,29.95136,,,,64.15664,,270.557064
1530,,0.451,,0.539,,0.539,,0.413,,0.564,,32.6105,,3.8064,,9.8935,,44.364628,,21.2573,,0,,49.05136,,31.73448,,,,62.95128,,258.175448
1545,,0.451,,0.539,,0.539,,0.413,,0.564,,32.6105,,3.8064,,12.2491,,44.352,,21.2573,,0,,49.05136,,31.73448,,,,62.95128,,260.51842
1560,,0.423,,0.569,,0.516,,0.423,,0.608,,28.9102,,4.7761,,12.2491,,0.010164,,18.8493,,0,,45.26784,,28.67408,,,,67.60576,,208.881544
1575,,0.423,,0.569,,0.516,,0.423,,0.608,,28.9102,,4.7761,,10.1624,,0.010164,,18.8493,,0,,45.26784,,28.67408,,,,67.60576,,206.794844
1590,,0.477,,0.578,,0.578,,0.419,,0.535,,31.7829,,4.2987,,10.1624,,0,,19.9851,,0,,47.98088,,30.99624,,,,65.46512,,213.25834
1605,,0.477,,0.578,,0.578,,0.419,,0.535,,31.7829,,4.2987,,11.9384,,0,,19.9851,,0,,47.98088,,30.99624,,,,65.46512,,215.03434
1620,,0.405,,0.521,,0.536,,0.405,,0.579,,33.2057,,4.5241,,11.9384,,0,,20.6597,,24.1846,,48.69784,,29.03712,,,,63.89384,,238.5873
1635,,0.405,,0.521,,0.536,,0.405,,0.579,,33.2057,,4.5241,,9.6128,,0,,20.6597,,24.1846,,48.69784,,29.03712,,,,63.89384,,236.2617
1650,,0.44,,0.587,,0.538,,0.457,,0.554,,25.5901,,4.0658,,9.6128,,0.012551,,21.6038,,22.4798,,50.53192,,33.05376,,,,65.77112,,235.297651
1665,,0.44,,0.587,,0.538,,0.457,,0.554,,25.5901,,4.0658,,12.7319,,0.012551,,21.6038,,22.4798,,50.53192,,33.05376,,,,65.77112,,238.416751
1680,,0.414,,0.546,,0.513,,0.397,,0.53,,29.477,,4.9339,,12.7319,,0.012782,,18.6213,,23.5571,,46.59488,,31.98808,,,,62.36368,,232.680622
1695,,0.414,,0.546,,0.513,,0.397,,0.53,,29.477,,4.9339,,10.9325,,0.012782,,18.6213,,23.5571,,46.59488,,31.98808,,,,62.36368,,230.881222
1710,,0.428,,0.521,,0.54,,0.428,,0.503,,27.3009,,4.1883,,10.9325,,53.374013,,20.7952,,20.9492,,49.53016,,30.09024,,,,67.51,,287.090513
1725,,0.428,,0.521,,0.54,,0.428,,0.503,,27.3009,,4.1883,,11.3828,,61.849557,,20.7952,,20.9492,,49.53016,,30.09024,,,,67.51,,296.016357
1740,,0.374,,0.445,,0.427,,0.374,,0.463,,34.1032,,4.7586,,11.3828,,61.849557,,19.3789,,24.7328,,45.122,,30.642,,,,62.86648,,296.919337
1755,,0.374,,0.445,,0.427,,0.374,,0.463,,34.1032,,4.7586,,9.8769,,47.515776,,19.3789,,24.7328,,45.122,,30.642,,,,62.86648,,281.079656
1770,,0.415,,0.502,,0.502,,0.437,,0.502,,30.7011,,3.9724,,9.8769,,47.515776,,21.4457,,22.1476,,48.39544,,32.17656,,,,66.47312,,285.062596
1785,,0.415,,0.502,,0.502,,0.437,,0.502,,30.7011,,3.9724,,12.2935,,49.267834,,21.4457,,22.1476,,48.39544,,32.17656,,,,66.47312,,289.231254
1800,,0.466,,0.491,,0.515,,0.392,,0.491,,26.8995,,4.6942,,12.2935,,49.267834,,19.8243,,23.6935,,49.9108,,28.46232,,,,64.74776,,282.148714
1815,,0.466,,0.491,,0.515,,0.392,,0.491,,26.8995,,4.6942,,10.4172,,60.453932,,19.8243,,23.6935,,49.9108,,28.46232,,,,64.74776,,291.458512
1830,,0.406,,0.522,,0.522,,0.551,,0.609,,32.3458,,4.3486,,10.4172,,60.453932,,20.2427,,21.5283,,47.86544,,30.26184,,,,63.40304,,293.476852
1845,,0.406,,0.522,,0.522,,0.551,,0.609,,32.3458,,4.3486,,11.6139,,44.368863,,20.2427,,21.5283,,47.86544,,30.26184,,,,63.40304,,278.588483
1860,,0.276,,0.276,,0.361,,0.276,,0.574,,28.0583,,4.8765,,11.6139,,44.368863,,21.6898,,24.5614,,50.89712,,31.55648,,,,67.86248,,287.247843
1875,,0.276,,0.276,,0.361,,0.276,,0.574,,28.0583,,4.8765,,9.6582,,57.156099,,21.6898,,24.5614,,50.89712,,31.55648,,,,67.86248,,298.079379
1890,,0.547,,0.508,,0.586,,0.391,,0.547,,31.1114,,4.1579,,9.6582,,57.156099,,18.9547,,22.9842,,46.19888,,29.4972,,,,65.19808,,287.495659
1905,,0.547,,0.508,,0.586,,0.391,,0.547,,31.1114,,4.1579,,12.6981,,62.798813,,18.9547,,22.9842,,46.19888,,29.4972,,,,65.19808,,296.178273
1920,,0.383,,0.468,,0.553,,0.383,,0.426,,33.8219,,5.0623,,12.6981,,62.798813,,20.5871,,23.2153,,48.83616,,33.12872,,,,67.01048,,309.371873
1935,,0.383,,0.468,,0.553,,0.383,,0.426,,33.8219,,5.0623,,10.7428,,49.796054,,20.5871,,23.2153,,48.83616,,33.12872,,,,67.01048,,294.413814
1950,,0.543,,0.489,,0.489,,0.489,,0.651,,25.109,,3.8237,,10.7428,,49.796054,,19.9162,,20.6759,,45.57112,,31.14704,,,,62.58872,,272.031534
1965,,0.543,,0.489,,0.489,,0.489,,0.651,,25.109,,3.8237,,11.9852,,63.932253,,19.9162,,20.6759,,45.57112,,31.14704,,,,62.58872,,287.410133
1980,,0.293,,0.33,,0.22,,0.22,,0.257,,29.7458,,4.8241,,11.9852,,63.932253,,21.1794,,24.3765,,50.3308,,29.6876,,,,66.07872,,303.460373
1995,,0.293,,0.33,,0.22,,0.22,,0.257,,29.7458,,4.8241,,9.7034,,45.531409,,21.1794,,24.3765,,50.3308,,29.6876,,,,66.07872,,282.777729
2010,,0.518,,0.518,,0.605,,0.518,,0.432,,27.0227,,4.2086,,9.7034,,45.531409,,18.7936,,21.8328,,47.28384,,31.75448,,,,63.7988,,272.520629
2025,,0.518,,0.518,,0.605,,0.518,,0.432,,27.0227,,4.2086,,12.4169,,55.720896,,18.7936,,21.8328,,47.28384,,31.75448,,,,63.7988,,285.423616
2040,,0.415,,0.472,,0.486,,0.443,,0.615,,34.9316,,4.6918,,12.4169,,55.720896,,20.9387,,23.9518,,50.77768,,28.72192,,,,67.75504,,302.337336
2055,,0.415,,0.472,,0.486,,0.443,,0.615,,34.9316,,4.6918,,10.9371,,53.899615,,20.9387,,23.9518,,50.77768,,28.72192,,,,67.75504,,299.036255
2070,,0.397,,0.468,,0.511,,0.355,,0.497,,30.6401,,4.3021,,10.9371,,53.899615,,19.7284,,22.4261,,48.14264,,33.25184,,,,64.86792,,290.423815
2085,,0.397,,0.468,,0.511,,0.355,,0.497,,30.6401,,4.3021,,11.2873,,48.044997,,19.7284,,22.4261,,48.14264,,33.25184,,,,64.86792,,284.919397
2100,,0.364,,0.477,,0.414,,0.351,,0.464,,26.1604,,4.9969,,11.2873,,48.044997,,21.3517,,20.9392,,46.08752,,29.34024,,,,65.93848,,276.216737
2115,,0.364,,0.477,,0.414,,0.351,,0.464,,26.1604,,4.9969,,9.9541,,60.734058,,21.3517,,20.9392,,46.08752,,29.34024,,,,65.93848,,287.572598
2130,,0.418,,0.462,,0.552,,0.403,,0.507,,32.5026,,4.0268,,9.9541,,60.734058,,19.2386,,24.5961,,49.6356,,0,,,,62.15544,,265.185298
2145,,0.418,,0.462,,0.552,,0.403,,0.507,,32.5026,,4.0268,,12.6478,,51.393111,,19.2386,,24.5961,,49.6356,,0,,,,62.15544,,258.538051
2160,,0.346,,0.433,,0.447,,0.375,,0.447,,28.4891,,4.7385,,12.6478,,51.393111,,20.4618,,22.2918,,49.33856,,0,,,,67.21176,,258.620431
2175,,0.346,,0.433,,0.447,,0.375,,0.447,,28.4891,,4.7385,,10.1625,,62.078555,,20.4618,,22.2918,,49.33856,,0,,,,67.21176,,266.820575
2190,,0.38,,0.48,,0.447,,0.43,,0.48,,31.3965,,4.3769,,10.1625,,62.078555,,21.5789,,23.6675,,44.95504,,0,,,,64.66832,,265.101215
2205,,0.38,,0.48,,0.447,,0.43,,0.48,,31.3965,,4.3769,,11.8792,,45.278618,,21.5789,,23.6675,,44.95504,,0,,,,64.66832,,250.017978
2220,,0.435,,0.416,,0.492,,0.378,,0.473,,33.0018,,4.8012,,11.8792,,45.278618,,18.9821,,21.3679,,47.73936,,30.27848,,,,63.59888,,279.121538
2235,,0.435,,0.416,,0.492,,0.378,,0.473,,33.0018,,4.8012,,9.6784,,59.509989,,18.9821,,21.3679,,47.73936,,30.27848,,,,63.59888,,291.152109
2250,,0.446,,0.573,,0.51,,0.425,,0.722,,25.7955,,3.8794,,9.6784,,59.509989,,19.6925,,24.7457,,46.82072,,28.53024,,,,67.13448,,288.462929
2265,,0.446,,0.573,,0.51,,0.425,,0.722,,25.7955,,3.8794,,12.5294,,43.834945,,19.6925,,24.7457,,46.82072,,28.53024,,,,67.13448,,275.638885
2280,,0.363,,0.512,,0.47,,0.406,,0.47,,29.2198,,4.5651,,12.5294,,43.834945,,20.8423,,22.1795,,51.00688,,32.91304,,,,63.10504,,282.417005
2295,,0.363,,0.512,,0.47,,0.406,,0.47,,29.2198,,4.5651,,10.3576,,63.460166,,20.8423,,22.1795,,51.00688,,32.91304,,,,63.10504,,299.870426
2310,,0.334,,0.424,,0.401,,0.379,,0.446,,27.6749,,4.2456,,10.3576,,63.460166,,21.2867,,23.0728,,48.76896,,29.59496,,,,65.278,,295.723686
2325,,0.334,,0.424,,0.401,,0.379,,0.446,,27.6749,,4.2456,,11.7941,,53.544337,,21.2867,,23.0728,,48.76896,,29.59496,,,,65.278,,287.244357
2340,,0.39,,0.439,,0.439,,0.366,,0.487,,34.3392,,4.9321,,11.7941,,53.544337,,19.3429,,20.8163,,49.46352,,31.84552,,,,67.69856,,295.897537
2355,,0.39,,0.439,,0.439,,0.366,,0.487,,34.3392,,4.9321,,9.8245,,46.738538,,19.3429,,20.8163,,49.46352,,31.84552,,,,67.69856,,287.122138
2370,,0.403,,0.457,,0.484,,0.349,,0.457,,30.985,,4.1648,,9.8245,,46.738538,,0,,24.1884,,45.7428,,30.4516,,,,63.94856,,258.194198
2385,,0.403,,0.457,,0.484,,0.349,,0.457,,30.985,,4.1648,,12.2513,,57.847559,,0,,24.1884,,45.7428,,30.4516,,,,63.94856,,271.730019
2400,,0,,0,,0,,0,,0,,26.988,,4.8942,,12.2513,,57.847559,,0,,22.5167,,47.42832,,32.29024,,,,66.27424,,270.490559
2415,,0,,0,,0,,0,,0,,26.988,,4.8942,,10.7317,,48.752704,,0,,22.5167,,47.42832,,32.29024,,,,66.27424,,259.876104
2430,,0,,0,,0,,0,,0.00571,,32.2221,,4.0853,,10.7317,,48.752704,,0,,23.8349,,50.70568,,28.96832,,,,62.0548,,261.361214
2445,,0,,0,,0,,0,,0.00571,,32.2221,,4.0853,,11.6428,,55.118602,,0,,23.8349,,50.70568,,28.96832,,,,62.0548,,268.638212
2460,,0,,0,,0,,0,,0,,28.8473,,5.0337,,11.6428,,55.118602,,0,,21.0836,,45.06512,,29.99656,,,,66.50152,,263.289202
2475,,0,,0,,0,,0,,0,,28.8473,,5.0337,,9.9823,,61.790806,,0,,21.0836,,45.06512,,29.99656,,,,66.50152,,268.300906
2490,,0.0269,,0,,0,,0.0135,,0,,31.571,,3.9051,,9.9823,,61.790806,,20.1834,,24.4789,,48.49016,,33.27624,,,,64.11936,,297.837666
2505,,0.0269,,0,,0,,0.0135,,0,,31.571,,3.9051,,12.6935,,52.358691,,20.1834,,24.4789,,48.49016,,33.27624,,,,64.11936,,291.116751
2520,,0,,0,,0,,0,,0,,33.7088,,4.6289,,12.6935,,52.358691,,21.6137,,22.9741,,50.1852,,31.26256,,,,67.55256,,296.978011
2535,,0,,0,,0,,0,,0,,33.7088,,4.6289,,10.5961,,44.625658,,21.6137,,22.9741,,50.1852,,31.26256,,,,67.55256,,287.147578
2550,,1.73,,2.2,,2.2,,1.73,,2.11,,25.3402,,4.3931,,10.5961,,44.625658,,19.4579,,23.2894,,47.27128,,28.60488,,,,62.82312,,276.371638
2565,,1.73,,2.2,,2.2,,1.73,,2.11,,25.3402,,4.3931,,11.9357,,57.477497,,19.4579,,23.2894,,47.27128,,28.60488,,,,62.82312,,290.563077
2580,,1.32,,1.61,,1.61,,1.25,,1.58,,29.5888,,4.7465,,11.9357,,57.477497,,20.9886,,21.6932,,50.92384,,32.58736,,,,65.01712,,302.328617
2595,,1.32,,1.61,,1.61,,1.25,,1.58,,29.5888,,4.7465,,9.7049,,61.260199,,20.9886,,21.6932,,50.92384,,32.58736,,,,65.01712,,303.880519
2610,,1.13,,1.38,,1.35,,1.15,,1.39,,27.2223,,4.2613,,9.7049,,61.260199,,18.9437,,24.6027,,47.05136,,30.17552,,,,66.61704,,296.239019
2625,,1.13,,1.38,,1.35,,1.15,,1.39,,27.2223,,4.2613,,12.4129,,48.411363,,18.9437,,24.6027,,47.05136,,30.17552,,,,66.61704,,286.098183
2640,,0.978,,1.28,,1.25,,1.03,,1.19,,34.5447,,4.9542,,12.4129,,48.411363,,21.6841,,22.3857,,48.95544,,29.23096,,,,63.25016,,291.557523
2655,,0.978,,1.28,,1.25,,1.03,,1.19,,34.5447,,4.9542,,10.1748,,64.215767,,21.6841,,22.3857,,48.95544,,29.23096,,,,63.25016,,305.123827
2670,,0.901,,1.15,,1.11,,0.875,,1.13,,30.4079,,4.1829,,10.1748,,64.215767,,19.6378,,23.5251,,45.48552,,31.38088,,,,67.82408,,302.000747
2685,,0.901,,1.15,,1.11,,0.875,,1.13,,30.4079,,4.1829,,11.7549,,47.143866,,19.6378,,23.5251,,45.48552,,31.38088,,,,67.82408,,286.508946
2700,,0.907,,1.11,,1.08,,0.922,,1.09,,26.6559,,4.8818,,11.7549,,47.143866,,20.3194,,20.9523,,49.9916,,30.94992,,,,64.41088,,282.169566
2715,,0.907,,1.11,,1.08,,0.922,,1.09,,26.6559,,4.8818,,9.9516,,52.820614,,20.3194,,20.9523,,49.9916,,30.94992,,,,64.41088,,286.043014
2730,,0.825,,0.976,,0.991,,0.81,,0.991,,32.999,,3.8471,,9.9516,,52.820614,,21.4765,,24.2198,,48.19824,,32.10792,,,,65.61312,,295.826894
2745,,0.825,,0.976,,0.991,,0.81,,0.991,,32.999,,3.8471,,12.5642,,59.767323,,21.4765,,24.2198,,48.19824,,32.10792,,,,65.61312,,305.386203
2760,,0.768,,0.94,,0.924,,0.752,,0.924,,28.2568,,4.7734,,12.5642,,59.767323,,18.8421,,22.6291,,47.9388,,29.47528,,,,62.99456,,291.549563
2775,,0.768,,0.94,,0.924,,0.752,,0.924,,28.2568,,4.7734,,10.8492,,49.600859,,18.8421,,22.6291,,47.9388,,29.47528,,,,62.99456,,279.668099
2790,,0.77,,0.931,,0.931,,0.716,,1.04,,31.8741,,4.0631,,10.8492,,49.600859,,20.8672,,23.1586,,50.48576,,29.90528,,,,67.43872,,292.630819
2805,,0.77,,0.931,,0.931,,0.716,,1.04,,31.8741,,4.0631,,11.1386,,54.075945,,20.8672,,23.1586,,50.48576,,29.90528,,,,67.43872,,297.395305
2820,,0.736,,0.872,,0.872,,0.717,,0.833,,33.4863,,5.0569,,11.1386,,54.075945,,19.5134,,21.3482,,46.39584,,33.0188,,,,63.9828,,292.046785
2835,,0.736,,0.872,,0.872,,0.717,,0.833,,33.4863,,5.0569,,9.7891,,63.207298,,19.5134,,21.3482,,46.39584,,33.0188,,,,63.9828,,299.828638
2850,,0,,0,,0,,0,,0,,25.9614,,4.2015,,9.7891,,63.207298,,21.2189,,24.6984,,49.20096,,31.96256,,,,66.9948,,297.234918
2865,,0,,0,,0,,0,,0,,25.9614,,4.2015,,12.3384,,44.283624,,21.2189,,24.6984,,49.20096,,31.96256,,,,66.9948,,280.860544
2880,,0,,0,,0,,0,,0,,29.0837,,4.6352,,12.3384,,44.283624,,19.8359,,22.8573,,45.19152,,30.56384,,,,64.34552,,273.135004
2895,,0,,0,,0,,0,,0,,29.0837,,4.6352,,10.5643,,56.362768,,19.8359,,22.8573,,45.19152,,30.56384,,,,64.34552,,283.440048
2910,,0,,0,,0,,0,,0,,27.76,,4.3229,,10.5643,,56.362768,,20.6147,,23.6821,,49.72328,,28.7404,,,,67.84576,,289.616208
2925,,0,,0,,0,,0,,0,,27.76,,4.3229,,11.8175,,61.593686,,20.6147,,23.6821,,49.72328,,28.7404,,,,67.84576,,296.100326
2940,,0,,0,,0,,0,,0,,34.7214,,4.9968,,11.8175,,61.593686,,18.6914,,20.7174,,46.69576,,32.68776,,,,62.93336,,294.855066
2955,,0,,0,,0,,0,,0,,34.7214,,4.9968,,9.8945,,45.178903,,18.6914,,20.7174,,46.69576,,32.68776,,,,62.93336,,276.517283
2970,,0,,0,,0,,0,,0,,30.2706,,4.0657,,9.8945,,45.178903,,21.7215,,24.5326,,50.61888,,29.36584,,,,66.80128,,282.449803
2985,,0,,0,,0,,0,,0,,30.2706,,4.0657,,12.6271,,46.348456,,21.7215,,24.5326,,50.61888,,29.36584,,,,66.80128,,286.351956
3000,,0,,0,,0,,0,,0,,26.315,,4.7183,,12.6271,,46.348456,,19.2483,,22.1943,,47.85256,,30.86656,,,,65.3468,,275.517376
3015,,0,,0,,0,,0,,0,,26.315,,4.7183,,10.9156,,55.780032,,19.2483,,22.1943,,47.85256,,30.86656,,,,65.3468,,283.237452
3030,,0,,0,,0,,0,,0,,32.0673,,3.9884,,10.9156,,55.780032,,20.4862,,23.9148,,45.866,,31.5372,,,,62.39384,,286.949372
3045,,0,,0,,0,,0,,0,,32.0673,,3.9884,,11.2583,,50.674701,,20.4862,,23.9148,,45.866,,31.5372,,,,62.39384,,282.186741
3060,,0,,0,,0,,0,,0,,28.6945,,4.8569,,11.2583,,50.674701,,21.3619,,21.5079,,49.56168,,30.11496,,,,67.74888,,285.779721
3075,,0,,0,,0,,0,,0,,28.6945,,4.8569,,9.6754,,62.966673,,21.3619,,21.5079,,49.56168,,30.11496,,,,67.74888,,296.488793
3090,,0.00549,,0.00549,,0.00549,,0,,0,,31.9562,,4.1768,,9.6754,,62.966673,,19.7289,,24.3275,,48.7868,,33.19688,,,,64.61464,,299.446263
3105,,0.00549,,0.00549,,0.00549,,0,,0,,31.9562,,4.1768,,12.7429,,43.867208,,19.7289,,24.3275,,48.7868,,33.19688,,,,64.61464,,283.414298
3120,,0.028,,0.0355,,0.0374,,0.0299,,0.0449,,0,,5.0798,,12.7429,,43.867208,,20.1527,,22.7698,,51.03112,,28.93904,,,,67.18256,,251.940828
3135,,0.028,,0.0355,,0.0374,,0.0299,,0.0449,,0,,5.0798,,10.2871,,52.600856,,20.1527,,22.7698,,51.03112,,28.93904,,,,67.18256,,258.218676
3150,,1.73,,2.09,,2.09,,1.7,,2.15,,0,,3.8675,,10.2871,,52.600856,,18.9831,,23.2431,,44.99984,,0,,,,63.29472,,227.036216
3165,,1.73,,2.09,,2.09,,1.7,,2.15,,0,,3.8675,,11.5843,,57.022581,,18.9831,,23.2431,,44.99984,,0,,,,63.29472,,232.755141
3180,,1.34,,1.67,,1.61,,1.34,,1.48,,0,,4.5023,,11.5843,,57.022581,,21.6463,,20.9734,,47.12488,,0,,,,65.06056,,235.354321
3195,,1.34,,1.67,,1.61,,1.34,,1.48,,0,,4.5023,,9.8347,,60.294465,,21.6463,,20.9734,,47.12488,,0,,,,65.06056,,236.876605
3210,,1.09,,1.37,,1.37,,1.09,,1.25,,0,,4.1146,,9.8347,,60.294465,,19.8754,,24.6213,,50.09392,,0,,,,67.40368,,242.408065
3225,,1.09,,1.37,,1.37,,1.09,,1.25,,0,,4.1146,,12.3481,,45.953754,,19.8754,,24.6213,,50.09392,,0,,,,67.40368,,230.580754
3240,,0.962,,1.19,,1.17,,0.947,,1.16,,0,,4.9079,,12.3481,,45.953754,,20.9358,,22.4185,,47.54784,,28.49312,,,,64.42008,,252.454094
3255,,0.962,,1.19,,1.17,,0.947,,1.16,,0,,4.9079,,10.7824,,62.326957,,20.9358,,22.4185,,47.54784,,28.49312,,,,64.42008,,267.261597
3270,,0.92,,1.15,,1.13,,0.936,,1.17,,0,,4.2398,,10.7824,,62.326957,,21.1892,,23.5849,,48.86976,,30.23344,,,,66.15792,,272.690377
3285,,0.92,,1.15,,1.13,,0.936,,1.17,,0,,4.2398,,11.9437,,47.829551,,21.1892,,23.5849,,48.86976,,30.23344,,,,66.15792,,259.354271
3300,,0.854,,1.08,,0.976,,0.871,,1.2,,0,,4.6927,,11.9437,,47.829551,,18.9274,,21.7658,,45.506,,32.98624,,,,62.04464,,250.677031
3315,,0.854,,1.08,,0.976,,0.871,,1.2,,0,,4.6927,,9.9728,,53.447625,,18.9274,,21.7658,,45.506,,32.98624,,,,62.04464,,254.324205
3330,,0.793,,0.928,,0.928,,0.774,,0.948,,0,,4.3241,,9.9728,,53.447625,,19.6347,,24.1647,,50.94584,,31.12536,,,,66.67856,,264.664685
3345,,0.793,,0.928,,0.928,,0.774,,0.948,,0,,4.3241,,12.4578,,56.688863,,19.6347,,24.1647,,50.94584,,31.12536,,,,66.67856,,270.390923
3360,,0.817,,0.998,,0.976,,0.726,,0.93,,0,,4.8934,,12.4578,,56.688863,,20.7831,,22.3169,,46.06024,,29.24504,,,,64.88456,,261.776903
3375,,0.817,,0.998,,0.976,,0.726,,0.93,,0,,4.8934,,10.3986,,64.086946,,20.7831,,22.3169,,46.06024,,29.24504,,,,64.88456,,267.115786
3390,,0.772,,0.965,,0.94,,0.772,,0.868,,31.0003,,3.9326,,10.3986,,64.086946,,21.5936,,23.8973,,49.13512,,31.69,,,,62.71368,,302.765146
3405,,0.772,,0.965,,0.94,,0.772,,0.868,,31.0003,,3.9326,,11.7368,,47.590389,,21.5936,,23.8973,,49.13512,,31.69,,,,62.71368,,287.606789
3420,,0.79,,0.903,,0.903,,0.762,,0.959,,33.6701,,4.7657,,11.7368,,47.590389,,19.5278,,20.8816,,47.00376,,29.64712,,,,67.69984,,286.840109
3435,,0.79,,0.903,,0.903,,0.762,,0.959,,33.6701,,4.7657,,9.9132,,44.614724,,19.5278,,20.8816,,47.00376,,29.64712,,,,67.69984,,282.040844
3450,,0.712,,0.907,,0.907,,0.745,,0.874,,25.0934,,4.2385,,9.9132,,44.614724,,20.2126,,24.4558,, ,,32.3948,,,,63.7476,,228.815624
3465,,0.712,,0.907,,0.907,,0.745,,0.874,,25.0934,,4.2385,,12.6923,,58.842861,,20.2126,,24.4558,,0,,32.3948,,,,63.7476,,245.822861
3480,,0.675,,0.825,,0.863,,0.675,,0.938,,29.9329,,4.9702,,12.6923,,58.842861,,21.7218,,22.9742,,0,,29.59872,,,,66.03944,,250.748421
3495,,0.675,,0.825,,0.863,,0.675,,0.938,,29.9329,,4.9702,,10.6419,,63.433832,,21.7218,,22.9742,,0,,29.59872,,,,66.03944,,253.288992
3510,,0.649,,0.735,,0.735,,0.605,,0.692,,27.6018,,4.0783,,10.6419,,63.433832,,18.8145,,23.4419,,0,,31.01,,,,63.11056,,245.548792
3525,,0.649,,0.735,,0.735,,0.605,,0.692,,27.6018,,4.0783,,11.3298,,49.198919,,18.8145,,23.4419,,0,,31.01,,,,63.11056,,232.001779
3540,,0.608,,0.76,,0.608,,0.507,,0.659,,34.9925,,4.8427,,11.3298,,49.198919,,20.8943,,21.1925,,0,,33.09672,,,,67.5172,,246.206639
3555,,0.608,,0.76,,0.608,,0.507,,0.659,,34.9925,,4.8427,,9.7875,,60.963056,,20.8943,,21.1925,,0,,33.09672,,,,67.5172,,256.428476
3570,,0.556,,0.695,,0.764,,0.556,,0.556,,30.8247,,3.8851,,9.7875,,60.963056,,19.8691,,24.7238,,47.31896,,31.84192,,,,64.30632,,296.647456
3585,,0.556,,0.695,,0.764,,0.556,,0.556,,30.8247,,3.8851,,12.5187,,51.931264,,19.8691,,24.7238,,47.31896,,31.84192,,,,64.30632,,290.346864
3600,,0.774,,0.774,,0.553,,0.553,,0.774,,26.2199,,4.9786,,12.5187,,51.931264,,21.3428,,22.8491,,50.87328,,29.05976,,,,66.95296,,290.154364
3615,,0.774,,0.774,,0.553,,0.553,,0.774,,26.2199,,4.9786,,10.9458,,44.741466,,21.3428,,22.8491,,50.87328,,29.05976,,,,66.95296,,281.391666
3630,,0.601,,0.727,,0.689,,0.576,,0.752,,32.7936,,4.3124,,10.9458,,44.741466,,18.7125,,23.6927,,48.79672,,29.75504,,,,63.36928,,280.464506
3645,,0.601,,0.727,,0.689,,0.576,,0.752,,32.7936,,4.3124,,11.9854,,56.522235,,18.7125,,23.6927,,48.79672,,29.75504,,,,63.36928,,293.284875
3660,,0.514,,0.657,,0.657,,0.514,,0.657,,28.1887,,4.5017,,11.9854,,56.522235,,20.3278,,20.6413,,46.28912,,32.78616,,,,67.83616,,292.077575
3675,,0.514,,0.657,,0.657,,0.514,,0.657,,28.1887,,4.5017,,9.7061,,58.429833,,20.3278,,20.6413,,46.28912,,32.78616,,,,67.83616,,291.705873
3690,,0.543,,0.688,,0.662,,0.543,,0.662,,31.2504,,3.8712,,9.7061,,58.429833,,19.4725,,24.3987,,48.9908,,30.7892,,,,62.97928,,292.986013
3705,,0.543,,0.688,,0.662,,0.543,,0.662,,31.2504,,3.8712,,12.1628,,61.857257,,19.4725,,24.3987,,48.9908,,30.7892,,,,62.97928,,298.870137
3720,,0.578,,0.636,,0.651,,0.535,,0.708,,33.1592,,4.8597,,12.1628,,61.857257,,21.6674,,22.0649,,50.96544,,31.30968,,,,66.59168,,307.746057
3735,,0.578,,0.636,,0.651,,0.535,,0.708,,33.1592,,4.8597,,10.2217,,46.925032,,21.6674,,22.0649,,50.96544,,31.30968,,,,66.59168,,290.872732
3750,,0.511,,0.646,,0.646,,0.541,,0.676,,25.3378,,4.1775,,10.2217,,46.925032,,19.6873,,23.2159,,46.89768,,29.40224,,,,0,,208.885152
3765,,0.511,,0.646,,0.646,,0.541,,0.676,,25.3378,,4.1775,,11.7519,,52.776801,,19.6873,,23.2159,,46.89768,,29.40224,,,,0,,216.267121
3780,,0.488,,0.656,,0.69,,0.572,,0.69,,29.5117,,4.9358,,11.7519,,52.776801,,20.7518,,21.6341,,47.83144,,32.94952,,,,0,,225.239061
3795,,0.488,,0.656,,0.69,,0.572,,0.69,,29.5117,,4.9358,,9.9982,,55.252274,,20.7518,,21.6341,,47.83144,,32.94952,,,,0,,225.960834
3810,,0.53,,0.713,,0.64,,0.548,,0.676,,27.854,,4.0938,,9.9982,,55.252274,,18.9938,,24.5182,,45.55184,,28.78096,,,,0,,218.150074
3825,,0.53,,0.713,,0.64,,0.548,,0.676,,27.854,,4.0938,,12.7183,,63.926016,,18.9938,,24.5182,,45.55184,,28.78096,,,,0,,229.543916
3840,,0.48,,0.614,,0.652,,0.518,,0.748,,34.3013,,4.7015,,12.7183,,63.926016,,21.1579,,22.6985,,50.25456,,30.68344,,,,0,,243.453516
3855,,0.48,,0.614,,0.652,,0.518,,0.748,,34.3013,,4.7015,,10.8573,,48.601938,,21.1579,,22.6985,,50.25456,,30.68344,,,,0,,226.268438
3870,,0.494,,0.674,,0.651,,0.539,,0.741,,30.1985,,4.2273,,10.8573,,48.601938,,19.5547,,23.8652,,48.33024,,32.59688,,,,0,,221.331058
3885,,0.494,,0.674,,0.651,,0.539,,0.741,,30.1985,,4.2273,,11.1469,,61.342589,,19.5547,,23.8652,,48.33024,,32.59688,,,,0,,234.361309
3900,,0.553,,0.629,,0.629,,0.578,,0.578,,26.476,,4.8126,,11.1469,,61.342589,,20.6292,,20.9726,,50.65048,,30.05496,,,,0,,229.052329
3915,,0.553,,0.629,,0.629,,0.578,,0.578,,26.476,,4.8126,,9.8417,,44.463034,,20.6292,,20.9726,,50.65048,,30.05496,,,,0,,210.867574
3930,,0.501,,0.66,,0.633,,0.501,,0.633,,32.0152,,3.8245,,9.8417,,44.463034,,18.6621,,24.2749,,45.74824,,31.42272,,,,0,,213.180394
3945,,0.501,,0.66,,0.633,,0.501,,0.633,,32.0152,,3.8245,,12.4375,,60.377163,,18.6621,,24.2749,,45.74824,,31.42272,,,,0,,231.690323
3960,,0.456,,0.563,,0.482,,0.456,,0.616,,28.7303,,4.9651,,12.4375,,60.377163,,21.5285,,22.4297,,49.70168,,29.31056,,,,0,,232.053503
3975,,0.456,,0.563,,0.482,,0.456,,0.616,,28.7303,,4.9651,,10.3125,,46.109371,,21.5285,,22.4297,,49.70168,,29.31056,,,,0,,215.660711
3990,,0.501,,0.608,,0.644,,0.465,,0.608,,31.7199,,4.2968,,10.3125,,46.109371,,19.9743,,23.4998,,47.45296,,31.16432,,,,0,,217.355951
4005,,0.501,,0.608,,0.644,,0.465,,0.608,,31.7199,,4.2968,,11.9634,,56.371546,,19.9743,,23.4998,,47.45296,,31.16432,,,,0,,229.269026
4020,,0.44,,0.56,,0.52,,0.52,,0.679,,33.9515,,4.5479,,11.9634,,56.371546,,20.9865,,21.8459,,49.51824,,33.13976,,,,0,,235.043746
4035,,0.44,,0.56,,0.52,,0.52,,0.679,,33.9515,,4.5479,,9.6815,,54.328197,,20.9865,,21.8459,,49.51824,,33.13976,,,,0,,230.718497
4050,,0.419,,0.605,,0.605,,0.419,,0.651,,0,,4.1684,,9.6815,,54.328197,,21.2897,,24.6345,,45.10168,,31.25208,,,,0,,193.155057
4065,,0.419,,0.605,,0.605,,0.419,,0.651,,0,,4.1684,,12.2549,,63.591528,,21.2897,,24.6345,,45.10168,,31.25208,,,,67.07336,,272.065148
4080,,0.388,,0.466,,0.543,,0.621,,0.698,,0,,4.9532,,12.2549,,63.591528,,18.8681,,22.2861,,51.02656,,28.71872,,,,63.15168,,267.566788
4095,,0.388,,0.466,,0.543,,0.621,,0.698,,0,,4.9532,,10.6912,,53.083954,,18.8681,,22.2861,,51.02656,,28.71872,,,,63.15168,,255.495514
4110,,0.49,,0.612,,0.245,,0.245,,0.734,,0,,4.2728,,10.6912,,53.083954,,20.4148,,23.3782,,46.61992,,30.29768,,,,67.6188,,258.703354
4125,,0.49,,0.612,,0.245,,0.245,,0.734,,0,,4.2728,,11.3987,,48.050926,,20.4148,,23.3782,,46.61992,,30.29768,,,,67.6188,,254.377826
4140,,0.443,,0.532,,0.532,,0.456,,0.507,,0,,4.6743,,11.3987,,48.050926,,19.6729,,20.7487,,48.51704,,32.25024,,,,64.47576,,252.258566
4155,,0.443,,0.532,,0.532,,0.456,,0.507,,0,,4.6743,,9.9724,,43.804145,,19.6729,,20.7487,,48.51704,,32.25024,,,,64.47576,,246.585485
4170,,0.464,,0.544,,0.544,,0.438,,0.531,,0,,3.8893,,9.9724,,43.804145,,21.7048,,24.6939,,49.98336,,29.17,,,,65.10096,,250.839865
4185,,0.464,,0.544,,0.544,,0.438,,0.531,,0,,3.8893,,12.6716,,58.318568,,21.7048,,24.6939,,49.98336,,29.17,,,,65.10096,,268.053488
4200,,0.488,,0.583,,0.614,,0.504,,0.598,,33.0789,,4.7519,,12.6716,,58.318568,,0,,22.9958,,46.19944,,30.95336,,,,67.28312,,279.039688
4215,,0.488,,0.583,,0.614,,0.504,,0.598,,33.0789,,4.7519,,10.1935,,60.786649,,0,,22.9958,,46.19944,,30.95336,,,,67.28312,,279.029669
4230,,0,,0,,0,,0,,0.00346,,25.452,,4.1062,,10.1935,,60.786649,,0,,23.7531,,50.89896,,31.61456,,,,62.77824,,269.586669
4245,,0,,0,,0,,0,,0.00346,,25.452,,4.1062,,11.8459,,49.479507,,0,,23.7531,,50.89896,,31.61456,,,,62.77824,,259.931927
4260,,0,,0,,0,,0,,0,,29.8005,,4.8931,,11.8459,,49.479507,,0,,21.0246,,47.97984,,29.68384,,,,66.47448,,261.181767
4275,,0,,0,,0,,0,,0,,29.8005,,4.8931,,9.8746,,62.483652,,0,,21.0246,,47.97984,,29.68384,,,,66.47448,,272.214612
4290,,0,,0,,0,,0,,0,,27.1238,,4.3218,,9.8746,,62.483652,,0,,24.5769,,48.8948,,33.27912,,,,63.78032,,274.334992
4305,,0,,0,,0,,0,,0,,27.1238,,4.3218,,12.5392,,44.953755,,0,,24.5769,,48.8948,,33.27912,,,,63.78032,,259.469695
4320,,0,,0,,0,,0,,0,,0,,4.5324,,12.5392,,44.953755,,19.8713,,22.3458,,45.27312,,29.51696,,,,66.36536,,245.397895
4335,,0,,0,,0,,0,,0,,0,,4.5324,,10.7482,,56.045143,,19.8713,,22.3458,,45.27312,,29.51696,,,,66.36536,,254.698283
4350,,0,,0,,0,,0,,0,,0,,3.9361,,10.7482,,56.045143,,20.1324,,23.5865,,50.13456,,32.42296,,,,67.73184,,264.737703
4365,,0,,0,,0,,0,,0,,0,,3.9361,,11.7125,,53.902156,,20.1324,,23.5865,,50.13456,,32.42296,,,,67.73184,,263.559016
4380,,0,,0,,0,,0,,0,,0,,5.0418,,11.7125,,53.902156,,21.5129,,21.2194,,48.28784,,30.68968,,,,64.21224,,256.578516
4395,,0,,0,,0,,0,,0,,0,,5.0418,,9.6948,,60.990391,,21.5129,,21.2194,,48.28784,,30.68968,,,,64.21224,,261.649051
4410,,0,,0,,0,,0,,0,,32.5694,,4.2423,,9.6948,,60.990391,,18.9317,,24.3517,,50.76712,,28.60584,,,,66.97264,,297.125891
4425,,0,,0,,0,,0,,0,,32.5694,,4.2423,,12.6139,,48.956138,,18.9317,,24.3517,,50.76712,,28.60584,,,,66.97264,,288.010738
4440,,0,,0,,0,,0,,0,,28.4011,,4.8437,,12.6139,,48.956138,,,,,,57.9642,,39.9614,,,,,,192.740438
,,,,,,,,,,,,,,,,,,,,,,,,,,,,,,,,
,,1.73,0,2.2,0,2.2,0,1.73,0,2.15,0,34.9925,0,5.0813,0,12.7429,0,64.215767,0,21.7218,0,24.7457,0,57.9642,,39.9614,,,,67.86248,0,309.371873