time,,user-memcached,,,media-memcached,,,compose-post,,,media-mongodb,,,text-service,,,home-timeline-service,,,unique-id-service,,,url-shorten-service,,,home-timeline-redis,,,user-timeline-mongodb,,,url-shorten-mongodb,,,social-graph-mongodb,,,,jaeger,,social-graph-service,,,user-service,,,url-shorten-memcached,,,user-timeline-service,,,nginx-thrift-,,,post-storage-service,,,social-graph-redis,,,user-mention-service,,,media-service-,,,,post-storage-mongodb,,,user-mongodb,,,user-timeline-redis,,,media-frontend,,post-storage-memcached,,,Total
0,,0,,,0,,,0,,,0.19792,,,0,,,0,,,0,,,0,,,0.04968,,,0.2252,,,0.2252,,,0.18,,,,0,,0,,,0.00448,,,0,,,0.0452,,,0,,,0,,,0.0452,,,0,,,0,,,,0.18,,,0.19792,,,0,,,0,,0,,,1.3508
15,,0,,,0,,,0,,,0.1644,,,0,,,0,,,0,,,0,,,0,,,0.2492,,,0.2492,,,0.1496,,,,0,,0,,,0,,,0,,,0,,,0,,,0.05,,,0,,,0,,,0,,,,0.1996,,,0.21936,,,0.05492,,,0,,0,,,1.33628
30,,0,,,0,,,0,,,0.1644,,,0,,,0,,,0,,,0,,,0,,,0.2492,,,0.2492,,,0.1496,,,,0,,0,,,0,,,0.00312,,,0,,,0,,,0.05,,,0,,,0,,,0,,,,0.1996,,,0.21936,,,0.05492,,,0,,0,,,1.3394
45,,1.928,,,0,,,75.98,,,0.27556,,,20.648,,,68.24,,,1.2412,,,6.421718,,,4.1332,,,0.2584,,,0.2584,,,0.3876,,,,0,,0,,,0,,,0.00312,,,0,,,70.4,,,0.642063717,,,0,,,12.16,,,1.164,,,,0.3876,,,6.868,,,0,,,0,,0,,,271.3968617
60,,1.928,,,0,,,75.98,,,0.27556,,,20.648,,,68.24,,,1.2412,,,5.894396,,,4.1332,,,0.2584,,,0.2584,,,0.3876,,,,0,,0,,,0,,,0.00536,,,0,,,70.4,,,0.646099307,,,0,,,12.16,,,1.164,,,,0.3876,,,6.868,,,0,,,0,,0,,,270.8758153
75,,1.642,,,0,,,75.712,,,0.1822,,,20.44,,,67.56,,,1.0948,,,5.894396,,,2.9164,,,0.3412,,,0.1704,,,0.1704,,,,0,,6.829301096,,,1.018346271,,,0.00536,,,0,,,76.4,,,0.646099307,,,0,,,16.04,,,0.852,,,,0.1704,,,10.776,,,0.1822,,,0,,0,,,289.0435027
90,,1.642,,,0,,,75.712,,,0.1822,,,20.44,,,67.56,,,1.0948,,,6.641651,,,2.9164,,,0.3412,,,0.1704,,,0.1704,,,,0,,7.746196105,,,1.062355884,,,0,,,0,,,76.4,,,0.396001654,,,0,,,16.04,,,0.852,,,,0.1704,,,10.776,,,0.1822,,,0,,0.00132,,,290.4975246
105,,2.5204,,,0,,,90.588,,,0.2802,,,31.396,,,63.64,,,1.6828,,,6.128704,,,4.2032,,,0.524,,,0.2624,,,0,,,,0,,7.746196105,,,1.062355884,,,0,,,0,,,74.4,,,0.683689674,,,0,,,25.2,,,1.312,,,,0,,,16.532,,,0,,,0,,0.000241,,,328.1621867
120,,2.5204,,,0,,,90.588,,,0.2802,,,31.396,,,63.64,,,1.6828,,,6.128704,,,4.2032,,,0.524,,,0.2624,,,0,,,,0,,5.148303974,,,0.943527372,,,0,,,0,,,74.4,,,0.683689674,,,0,,,25.2,,,1.312,,,,0,,,16.532,,,0,,,0,,0.000241,,,325.445466
135,,3.1564,,,0,,,97.108,,,0.21912,,,35.492,,,69.2,,,1.9732,,,7.493972,,,4.254,,,0.2464,,,0.2052,,,0.2052,,,,0.7004,,6.220036882,,,0.818959273,,,0,,,0.043317182,,,80,,,0.683145634,,,26.0260866,,,26.08,,,1.724,,,,0.2052,,,16.528,,,0.043984,,,0.00312,,0.000312,,,378.6300536
150,,3.1564,,,0,,,97.108,,,0.21912,,,35.492,,,69.2,,,1.9732,,,6.711832,,,4.254,,,0.2464,,,0.2052,,,0.2052,,,,0.7004,,6.220036882,,,0.818959273,,,0,,,0.042512752,,,80,,,0.68462994,,,15.47711111,,,26.08,,,1.724,,,,0.2052,,,16.528,,,0.043984,,,0.00312,,0.000312,,,367.299618
165,,2.5528,,,0,,,86.292,,,0.25956,,,27.62,,,63.6,,,1.558,,,6.711832,,,4.2696,,,0.2432,,,0.2432,,,0.2432,,,,3.8036,,8.517906214,,,0.700017903,,,0,,,0.042512752,,,77.6,,,0.68462994,,,15.47711111,,,17.32,,,1.42,,,,0.2028,,,9.776,,,0,,,0,,0.000266,,,329.1382359
180,,2.5528,,,0,,,86.292,,,0.25956,,,27.62,,,63.6,,,1.558,,,6.578652,,,4.2696,,,0.2432,,,0.2432,,,0.2432,,,,3.8036,,5.342938152,,,0.468693363,,,0.00723,,,0.049137845,,,77.6,,,0.438434628,,,23.54192758,,,17.32,,,1.42,,,,0.2028,,,9.776,,,0,,,0,,0.000266,,,333.4312396
195,,2.6148,,,0,,,87.736,,,0.2854,,,28.624,,,65.36,,,1.568,,,5.630043,,,5.7668,,,0.2228,,,0.178,,,0.2228,,,,0.7604,,5.342938152,,,0.468693363,,,0.00723,,,0.04954578,,,77.2,,,0.589129118,,,24.87848106,,,18.12,,,1.424,,,,0.2228,,,10.64,,,0.047432,,,0,,0,,,337.9592925
210,,2.6148,,,0,,,87.736,,,0.2854,,,28.624,,,65.36,,,1.568,,,5.630043,,,5.7668,,,0.2228,,,0.178,,,0.2228,,,,0.7604,,3.31331905,,,1.013280033,,,0,,,0.04954578,,,77.2,,,0.589129118,,,24.87848106,,,18.12,,,1.424,,,,0.2228,,,10.64,,,0.047432,,,0,,0,,,336.46703
225,,2.646,,,0.020064017,,,88.548,,,0.2036,,,28.94,,,71.28,,,1.6776,,,5.744158,,,7.128,,,0.1908,,,0.2384,,,0.2384,,,,0.8664,,8.982285776,,,0.669097198,,,0,,,0.049979281,,,77.6,,,0.543035352,,,17.26013834,,,16.44,,,1.476,,,,0.2384,,,8.492,,,0.050796,,,0.00301,,0,,,339.526164
240,,2.646,,,0.020064017,,,88.548,,,0.2036,,,28.94,,,71.28,,,1.6776,,,6.230758,,,7.128,,,0.1908,,,0.2384,,,0.2384,,,,0.8664,,8.982285776,,,0.669097198,,,0,,,0.044859259,,,77.6,,,0.246124236,,,16.03928454,,,16.44,,,1.476,,,,0.2384,,,8.492,,,0.050796,,,0.00301,,0,,,338.489879
255,,3.1476,,,0.020484694,,,96.256,,,0.27628,,,34.508,,,68.32,,,1.9344,,,6.230758,,,8.884,,,0.2588,,,0.2068,,,0.2588,,,,7.344,,8.040241711,,,0.36643579,,,0,,,0.044859259,,,79.2,,,0.246124236,,,16.03928454,,,18.92,,,1.76,,,,0.2588,,,9.736,,,0,,,0,,0,,,362.2576682
270,,3.1476,,,0.020484694,,,96.256,,,0.27628,,,34.508,,,68.32,,,1.9344,,,6.002575,,,8.884,,,0.2588,,,0.2068,,,0.2588,,,,7.344,,4.864744388,,,0.559521112,,,0,,,0.046563907,,,79.2,,,0.42515946,,,22.49478339,,,18.92,,,1.76,,,,0.2588,,,9.736,,,0,,,0,,0,,,365.683312
285,,2.7696,,,0.020016305,,,90.744,,,0.28852,,,31.076,,,68.8,,,1.7312,,,5.568469,,,4.8308,,,0.27,,,0.27,,,0.27,,,,1.0944,,4.864744388,,,0.559521112,,,0,,,0.049032501,,,74,,,0.605428626,,,24.12877288,,,19.48,,,1.564,,,,0.216,,,11.24,,,0,,,0,,0.000719,,,344.4412238
300,,2.7696,,,0.020016305,,,90.744,,,0.28852,,,31.076,,,68.8,,,1.7312,,,5.568469,,,4.8308,,,0.27,,,0.27,,,0.27,,,,1.0944,,3.506925967,,,1.066433761,,,0,,,0.049032501,,,74,,,0.605428626,,,24.12877288,,,19.48,,,1.564,,,,0.216,,,11.24,,,0,,,0,,0.000719,,,343.590318
315,,2.9856,,,0.020776109,,,93.272,,,0.19904,,,33.228,,,68.76,,,1.858,,,6.547048,,,4.1772,,,0.2484,,,0.1864,,,0.1864,,,,0.8628,,6.524882519,,,1.015701789,,,0,,,0.05006008,,,78,,,0.376378941,,,14.93107433,,,20.36,,,1.676,,,,0.2484,,,11.192,,,0.0662,,,0,,0.0012,,,346.9735618
330,,2.9856,,,0,,,93.272,,,0.19904,,,33.228,,,68.76,,,1.858,,,6.44271,,,4.1772,,,0.2484,,,0.1864,,,0.1864,,,,0.8628,,6.524882519,,,1.015701789,,,0.00166,,,0.051091333,,,78,,,0.493143576,,,20.28982713,,,20.36,,,1.676,,,,0.2484,,,11.192,,,0.0662,,,0,,0.0012,,,352.3266563
345,,1.958,,,0,,,78.312,,,0.1958,,,22.488,,,67.12,,,1.3684,,,6.43851,,,6.84,,,0.1832,,,0.1832,,,0.366,,,,0,,7.399000704,,,1.05424495,,,0.00166,,,0.051091333,,,73.6,,,0.493143576,,,20.28982713,,,14.08,,,1.28,,,,0,,,7.612,,,0.1958,,,0.00748,,0,,,311.5173577
360,,1.958,,,0,,,78.312,,,0.1958,,,22.488,,,67.12,,,1.3684,,,6.441113,,,6.84,,,0.1832,,,0.1832,,,0.366,,,,0,,5.97674323,,,0.735805458,,,0,,,0.050275707,,,73.6,,,0.214701407,,,22.23594046,,,14.08,,,1.28,,,,0,,,7.612,,,0.1958,,,0.00748,,0,,,311.4444593
375,,2.2208,,,0,,,85.2,,,0.27764,,,27.464,,,60.64,,,1.388,,,6.10174,,,4.1644,,,0,,,0.26,,,0,,,,0,,5.97674323,,,0.735805458,,,0,,,0.046247276,,,77.2,,,0.212721051,,,20.89446532,,,16.88,,,1.3,,,,0.26,,,9.996,,,0.27764,,,0,,0,,,321.4962023
390,,2.2208,,,0,,,85.2,,,0.27764,,,27.464,,,60.64,,,1.388,,,6.10174,,,4.1644,,,0,,,0.26,,,0,,,,0,,8.267021941,,,0.304211097,,,0,,,0.046247276,,,77.2,,,0.212721051,,,20.89446532,,,16.88,,,1.3,,,,0.26,,,9.996,,,0.27764,,,0,,0,,,323.3548867
405,,2.9824,,,0,,,93.288,,,0.2192,,,32.856,,,71.36,,,1.8416,,,6.111867,,,4.1232,,,0.2464,,,0.2464,,,0.2052,,,,0.61516,,6.546911378,,,0.887918366,,,0,,,0.051588151,,,78.4,,,0.535394419,,,30.74507983,,,18.96,,,1.684,,,,0.2052,,,9.956,,,0.044,,,0,,0,,,362.1115191
420,,2.9824,,,0,,,93.288,,,0.2192,,,32.856,,,71.36,,,1.8416,,,7.447551,,,4.1232,,,0.2464,,,0.2464,,,0.2052,,,,0.61516,,6.546911378,,,0.887918366,,,0.0017,,,0.048780672,,,78.4,,,0.536504276,,,25.66772449,,,18.96,,,1.684,,,,0.2052,,,9.956,,,0.044,,,0,,0,,,358.3698502
435,,2.9712,,,0,,,92.468,,,0.26208,,,32.364,,,69.28,,,1.834,,,7.450363,,,4.4468,,,0.2452,,,0.2044,,,0.2044,,,,0.56856,,6.94185421,,,0.915337778,,,0.0017,,,0.048780672,,,80,,,0.536504276,,,25.66772449,,,18.4,,,1.636,,,,0.2452,,,9.788,,,0.043612,,,0,,0.000165,,,356.5238814
450,,2.9712,,,0,,,92.468,,,0.26208,,,32.364,,,69.28,,,1.834,,,6.995473,,,4.4468,,,0.2452,,,0.2044,,,0.2044,,,,0.56856,,8.924625013,,,1.019615273,,,0,,,0.044696269,,,80,,,0.498603949,,,15.10696299,,,18.4,,,1.636,,,,0.2452,,,9.788,,,0.043612,,,0,,0.000165,,,347.5515935
465,,2.5212,,,0,,,86.928,,,0.23332,,,28.672,,,72.64,,,1.5384,,,7.199462,,,6.1108,,,0.2184,,,0.3056,,,0.262,,,,0.7476,,8.924625013,,,1.019615273,,,0,,,0.042142259,,,75.2,,,0.427652436,,,17.43463943,,,17.2,,,1.44,,,,0.1748,,,9.828,,,0,,,0.00232,,0.000115,,,339.0706914
480,,2.5212,,,0,,,86.928,,,0.23332,,,28.672,,,72.64,,,1.5384,,,7.199462,,,6.1108,,,0.2184,,,0.3056,,,0.262,,,,0.7476,,8.818183161,,,0.45407098,,,0,,,0.042142259,,,75.2,,,0.427652436,,,17.43463943,,,17.2,,,1.44,,,,0.1748,,,9.828,,,0,,,0.00232,,0.000115,,,338.3987053
495,,2.8108,,,0,,,91.132,,,0.25584,,,31.224,,,73.04,,,1.6872,,,5.732959,,,7.092,,,0.2396,,,0.1916,,,0.1916,,,,0.7176,,5.860221843,,,0.733032948,,,0,,,0.047382039,,,78.8,,,0.238392397,,,29.23645962,,,23.96,,,1.58,,,,0.1916,,,15.38,,,0,,,0.00173,,0.000343,,,370.3443608
510,,2.8108,,,0,,,91.132,,,0.25584,,,31.224,,,73.04,,,1.6872,,,7.009494,,,7.092,,,0.2396,,,0.1916,,,0.1916,,,,0.7176,,5.860221843,,,0.733032948,,,0.00292,,,0.051049302,,,78.8,,,0.220286566,,,24.75382231,,,23.96,,,1.58,,,,0.1916,,,15.38,,,0,,,0.00173,,0.000343,,,367.12674
525,,2.074,,,0,,,79.624,,,0.21252,,,22.748,,,69.16,,,1.276,,,7.012826,,,5.25,,,0.2492,,,0.2492,,,0.1992,,,,0.7428,,3.34356215,,,0.65413729,,,0.00292,,,0.051049302,,,74.8,,,0.220286566,,,24.75382231,,,17,,,1.144,,,,0.2988,,,10.84,,,0.053332,,,0.0017,,0.000336,,,321.9616916
540,,2.074,,,0,,,79.624,,,0.21252,,,22.748,,,69.16,,,1.276,,,5.892722,,,5.25,,,0.2492,,,0.2492,,,0.1992,,,,0.7428,,5.574926798,,,0.647806298,,,0.00215,,,0.044979358,,,74.8,,,0.364293512,,,31.80402229,,,17,,,1.144,,,,0.2988,,,10.84,,,0.053332,,,0.0017,,0.000336,,,330.2539883
555,,2.94,,,0,,,92.456,,,0.23544,,,32.432,,,69.24,,,1.8248,,,5.723793,,,4.8724,,,0.2204,,,0.2204,,,0.2752,,,,0.8844,,5.574926798,,,0.647806298,,,0.00215,,,0.046398937,,,78,,,0.409970412,,,23.02067803,,,21.76,,,1.596,,,,0.1652,,,13.12,,,0.05896,,,0,,0.000168,,,355.7270915
570,,2.94,,,0,,,92.456,,,0.23544,,,32.432,,,69.24,,,1.8248,,,5.723793,,,4.8724,,,0.2204,,,0.2204,,,0.2752,,,,0.8844,,6.763478968,,,0.904548206,,,0.00603,,,0.046398937,,,78,,,0.409970412,,,23.02067803,,,21.76,,,1.596,,,,0.1652,,,13.12,,,0.05896,,,0,,0.000168,,,357.1762656
585,,3.4652,,,0,,,100.552,,,0.2038,,,39.012,,,70.52,,,2.1748,,,6.59475,,,5.8532,,,0.318,,,0.1908,,,0.1908,,,,0.8844,,7.033050524,,,0.886291192,,,0.00603,,,0.045139607,,,63.2,,,0.616654161,,,29.19338645,,,23.92,,,1.908,,,,0.1908,,,14.528,,,0,,,0,,0.00018,,,371.4872819
600,,3.4652,,,0,,,100.552,,,0.2038,,,39.012,,,70.52,,,2.1748,,,6.467813,,,5.8532,,,0.318,,,0.1908,,,0.1908,,,,0.8844,,7.033050524,,,0.886291192,,,0,,,0.045704211,,,63.2,,,0.578872618,,,20.97017428,,,23.92,,,1.908,,,,0.1908,,,14.528,,,0,,,0,,0.00018,,,363.0938858
615,,2.8616,,,0,,,92.856,,,0.22592,,,32.544,,,64.92,,,1.8068,,,6.467813,,,3.7668,,,0.2116,,,0.2116,,,0.282,,,,0.978,,4.948917,,,0.777048588,,,0,,,0.045704211,,,80,,,0.578872618,,,20.97017428,,,20.16,,,1.624,,,,0.2116,,,11.232,,,0,,,0.00292,,0.000291,,,347.6836607
630,,2.8616,,,0,,,92.856,,,0.22592,,,32.544,,,64.92,,,1.8068,,,5.526274,,,3.7668,,,0.2116,,,0.2116,,,0.282,,,,0.978,,5.813261678,,,0.503879091,,,0.00273,,,0.041331037,,,80,,,0.238789891,,,13.20818421,,,20.16,,,1.624,,,,0.2116,,,11.232,,,0,,,0.00292,,0.000291,,,339.2295809
645,,3.3636,,,0,,,101.568,,,0.12,,,38.092,,,78.84,,,2.1636,,,6.027063,,,4.0836,,,0.2244,,,0.2244,,,0.2244,,,,0,,5.813261678,,,0.503879091,,,0.00273,,,0.047212626,,,74.4,,,0.44996657,,,17.69677953,,,26.56,,,1.792,,,,0.2244,,,15.852,,,0,,,0.00215,,0.000851,,,378.2762935
660,,3.3636,,,0,,,101.568,,,0.12,,,38.092,,,78.84,,,2.1636,,,6.027063,,,4.0836,,,0.2244,,,0.2244,,,0.2244,,,,0,,4.698452083,,,0.882465215,,,0,,,0.047212626,,,74.4,,,0.44996657,,,17.69677953,,,26.56,,,1.792,,,,0.2244,,,15.852,,,0,,,0.00215,,0.000851,,,377.53734
675,,2.1332,,,0,,,80.896,,,0.30464,,,25.132,,,65.72,,,1.3696,,,5.558362,,,15.828,,,0.428,,,0.1428,,,0.2856,,,,0.30464,,7.057523027,,,0.530478579,,,0,,,0.051412082,,,75.2,,,0.238254767,,,14.06418475,,,16,,,1.284,,,,0.2856,,,9.6,,,0,,,0.00302,,0.000301,,,322.4176162
690,,2.1332,,,0,,,80.896,,,0.30464,,,25.132,,,65.72,,,1.3696,,,7.411604,,,15.828,,,0.428,,,0.1428,,,0.2856,,,,0.30464,,7.057523027,,,0.530478579,,,0,,,0.050786068,,,75.2,,,0.599922821,,,17.7191725,,,16,,,1.284,,,,0.2856,,,9.6,,,0,,,0.00302,,0.000301,,,328.286888
705,,3.2008,,,0,,,96.296,,,0.21324,,,35.424,,,70.96,,,1.9188,,,7.411604,,,5.5548,,,0.1996,,,0.1996,,,0.3996,,,,0.21324,,4.629144547,,,0.859707951,,,0,,,0.050786068,,,77.6,,,0.599922821,,,17.7191725,,,28.36,,,1.596,,,,0.1996,,,19.188,,,0,,,0.00268,,0,,,372.7962979
720,,3.2008,,,0,,,96.296,,,0.21324,,,35.424,,,70.96,,,1.9188,,,5.529851,,,5.5548,,,0.1996,,,0.1996,,,0.3996,,,,0.21324,,8.794884726,,,0.731855842,,,0.0087,,,0.04259575,,,77.6,,,0.414640234,,,29.55480924,,,28.36,,,1.596,,,,0.1996,,,19.188,,,0,,,0.00268,,0,,,386.6032968
735,,3.5908,,,0,,,86.308,,,0,,,44.508,,,66.36,,,2.5124,,,6.471714,,,5.0084,,,0.3356,,,0.3356,,,0,,,,0,,8.794884726,,,0.731855842,,,0.0087,,,0.043405357,,,74.4,,,0.341471798,,,23.14218229,,,39.96,,,1.68,,,,0.3356,,,26.92,,,0,,,0,,0,,,391.788614
750,,3.5908,,,0,,,86.308,,,0,,,44.508,,,66.36,,,2.5124,,,6.471714,,,5.0084,,,0.3356,,,0.3356,,,0,,,,0,,5.87196797,,,0.806663947,,,0.0119,,,0.043405357,,,74.4,,,0.341471798,,,23.14218229,,,39.96,,,1.68,,,,0.3356,,,26.92,,,0,,,0,,0,,,388.9437054
765,,2.7148,,,0,,,89.256,,,0.21888,,,29.884,,,67.96,,,1.6204,,,6.910303,,,5.3868,,,0.2048,,,0.2048,,,0.2048,,,,0.56864,,6.362328583,,,0.719895637,,,0.0119,,,0.045129265,,,80,,,0.580558298,,,31.06928468,,,19.68,,,1.432,,,,0.2456,,,11.844,,,0,,,0,,0.000279,,,357.1251985
780,,2.7148,,,0,,,89.256,,,0.21888,,,29.884,,,67.96,,,1.6204,,,6.74482,,,5.3868,,,0.2048,,,0.2048,,,0.2048,,,,0.56864,,6.362328583,,,0.719895637,,,0,,,0.041719491,,,80,,,0.396243844,,,26.03856248,,,19.68,,,1.432,,,,0.2456,,,11.844,,,0,,,0,,0.000279,,,351.729369
795,,3.1192,,,0,,,96.28,,,0.23628,,,34.948,,,70.52,,,1.8928,,,6.74482,,,4.0164,,,0.2656,,,0.2656,,,0.2212,,,,0.6152,,5.90126013,,,0.575297556,,,0,,,0.041719491,,,82,,,0.396243844,,,26.03856248,,,23,,,1.772,,,,0.2212,,,13.716,,,0,,,0,,0.000841,,,372.7882245
810,,3.1192,,,0,,,96.28,,,0.23628,,,34.948,,,70.52,,,1.8928,,,6.299557,,,4.0164,,,0.2656,,,0.2656,,,0.2212,,,,0.6152,,3.319743058,,,0.974246475,,,0,,,0.04443443,,,82,,,0.566121732,,,21.25201612,,,23,,,1.772,,,,0.2212,,,13.716,,,0,,,0,,0.000841,,,365.5464398
825,,2.5248,,,0,,,85.684,,,0.24268,,,27.216,,,62.368,,,1.504,,,6.666601,,,4.5708,,,0.2272,,,0.2724,,,0.2724,,,,0.6792,,3.319743058,,,0.974246475,,,0,,,0.046092578,,,76,,,0.397029744,,,16.80259676,,,12.84,,,1.408,,,,0.2272,,,5.3836,,,0.048696,,,0,,0,,,309.6752856
840,,2.5248,,,0,,,85.684,,,0.24268,,,27.216,,,62.368,,,1.504,,,6.666601,,,4.5708,,,0.2272,,,0.2724,,,0.2724,,,,0.6792,,3.182873148,,,0.915279746,,,0.0162,,,0.046092578,,,76,,,0.397029744,,,16.80259676,,,12.84,,,1.408,,,,0.2272,,,5.3836,,,0.048696,,,0,,0,,,309.495649
855,,2.4456,,,0,,,84.684,,,0.26036,,,26.68,,,62.84,,,1.5092,,,7.404229,,,7.868,,,0.2436,,,0.2436,,,0.2436,,,,0.7824,,8.978747011,,,0.599021084,,,0.0162,,,0.043507452,,,75.2,,,0.624428879,,,12.28249533,,,13.04,,,1.364,,,,0.2436,,,5.7724,,,0.10392,,,0.0119,,0,,,313.4848088
870,,2.4456,,,0,,,84.684,,,0.26036,,,26.68,,,62.84,,,1.5092,,,6.128913,,,7.868,,,0.2436,,,0.2436,,,0.2436,,,,0.7824,,8.978747011,,,0.599021084,,,0.00371,,,0.044930452,,,75.2,,,0.245993448,,,16.97181309,,,13.04,,,1.364,,,,0.2436,,,5.7724,,,0.10392,,,0.0119,,0,,,316.5093081
885,,2.86,,,0,,,92.472,,,0.29196,,,32.704,,,71.4,,,1.8084,,,6.128913,,,6.968,,,0.2732,,,0.2184,,,0.2732,,,,0.936,,5.799219389,,,0.91813343,,,0.00371,,,0.044930452,,,77.2,,,0.245993448,,,16.97181309,,,23.28,,,1.528,,,,0.2732,,,14.58,,,0,,,0,,0,,,357.1790728
900,,2.86,,,0,,,92.472,,,0.29196,,,32.704,,,71.4,,,1.8084,,,5.578276,,,6.968,,,0.2732,,,0.2184,,,0.2732,,,,0.936,,4.588380704,,,0.758327165,,,0,,,0.044080905,,,77.2,,,0.673922692,,,16.36786031,,,23.28,,,1.528,,,,0.2732,,,14.58,,,0,,,0,,0,,,355.0772078
915,,2.4028,,,0,,,84.424,,,0.25268,,,26.676,,,68.4,,,1.4536,,,7.478749,,,5.7704,,,0.2956,,,0.2956,,,0.2364,,,,1.0132,,4.588380704,,,0.758327165,,,0,,,0.042846297,,,73.6,,,0.434969816,,,14.85623322,,,18.08,,,1.36,,,,0.2364,,,10.944,,,0,,,0,,0,,,323.6001862
930,,2.4028,,,0,,,84.424,,,0.25268,,,26.676,,,68.4,,,1.4536,,,7.478749,,,5.7704,,,0.2956,,,0.2956,,,0.2364,,,,1.0132,,8.133479414,,,0.466213071,,,0.00577,,,0.042846297,,,73.6,,,0.434969816,,,14.85623322,,,18.08,,,1.36,,,,0.2364,,,10.944,,,0,,,0,,0,,,326.8589408
945,,2.8616,,,0.026112808,,,92.856,,,0.22592,,,32.544,,,64.92,,,1.8068,,,7.300588,,,3.7668,,,0.2116,,,0.2116,,,0.282,,,,0.978,,8.039591122,,,0.43313822,,,0.00577,,,0.04265017,,,80,,,0.275467669,,,18.32632038,,,20.16,,,1.624,,,,0.2116,,,11.232,,,0,,,0,,0,,,348.3415584
960,,2.8616,,,0.026112808,,,92.856,,,0.22592,,,32.544,,,64.92,,,1.8068,,,5.807865,,,3.7668,,,0.2116,,,0.2116,,,0.282,,,,0.978,,8.039591122,,,0.43313822,,,0.00203,,,0.048383296,,,80,,,0.360127037,,,20.9527138,,,20.16,,,1.624,,,,0.2116,,,11.232,,,0,,,0,,0,,,349.5618813
975,,3.3636,,,0.024001414,,,101.568,,,0.12,,,38.092,,,78.84,,,2.1636,,,5.807865,,,4.0836,,,0.2244,,,0.2244,,,0.2244,,,,0,,8.982977993,,,0.971797003,,,0.00203,,,0.048383296,,,74.4,,,0.360127037,,,20.9527138,,,26.56,,,1.792,,,,0.2244,,,15.852,,,0,,,0,,0,,,384.8822955
990,,3.3636,,,0.024001414,,,101.568,,,0.12,,,38.092,,,78.84,,,2.1636,,,6.020353,,,4.0836,,,0.2244,,,0.2244,,,0.2244,,,,0,,8.658256005,,,0.750778681,,,0.00229,,,0.050676787,,,74.4,,,0.501677797,,,29.62895479,,,26.56,,,1.792,,,,0.2244,,,15.852,,,0,,,0,,0,,,393.3693885
1005,,2.1332,,,0.020872332,,,80.896,,,0.30464,,,25.132,,,65.72,,,1.3696,,,5.875704,,,15.828,,,0.428,,,0.1428,,,0.2856,,,,0.30464,,8.658256005,,,0.750778681,,,0.00229,,,0.047684521,,,75.2,,,0.367814361,,,18.77207767,,,16,,,1.284,,,,0.2856,,,9.6,,,0,,,0.00126,,0,,,329.4108176
1020,,2.1332,,,0,,,80.896,,,0.30464,,,25.132,,,65.72,,,1.3696,,,5.875704,,,15.828,,,0.428,,,0.1428,,,0.2856,,,,0.30464,,3.354255504,,,0.398557476,,,0.00178,,,0.047684521,,,75.2,,,0.367814361,,,18.77207767,,,16,,,1.284,,,,0.2856,,,9.6,,,0,,,0.00126,,0,,,323.7332135
1035,,3.2008,,,0,,,96.296,,,0.21324,,,35.424,,,70.96,,,1.9188,,,6.757088,,,5.5548,,,0.1996,,,0.1996,,,0.3996,,,,0.21324,,3.696219462,,,0.756086741,,,0.00178,,,0.04791906,,,77.6,,,0.435981437,,,11.91366335,,,28.36,,,1.596,,,,0.1996,,,19.188,,,0,,,0,,0.000287,,,365.1323051
1050,,3.2008,,,0,,,96.296,,,0.21324,,,35.424,,,70.96,,,1.9188,,,5.992621,,,5.5548,,,0.1996,,,0.1996,,,0.3996,,,,0.21324,,3.696219462,,,0.756086741,,,0,,,0.043036649,,,77.6,,,0.637604836,,,26.64040483,,,28.36,,,1.596,,,,0.1996,,,19.188,,,0,,,0,,0.000287,,,379.2895405
1065,,3.5908,,,0,,,93.988,,,0,,,44.508,,,66.36,,,2.5124,,,5.992621,,,5.0084,,,0.3356,,,0.3356,,,0,,,,0,,6.927101628,,,0.354814073,,,0,,,0.043036649,,,74.4,,,0.637604836,,,26.64040483,,,39.96,,,1.68,,,,0.3356,,,26.92,,,0,,,0,,0.000202,,,400.530185
1080,,3.5908,,,0,,,93.988,,,0,,,44.508,,,66.36,,,2.5124,,,6.920958,,,5.0084,,,0.3356,,,0.3356,,,0,,,,0,,5.682741547,,,0.466387069,,,0.00228,,,0.04239192,,,74.4,,,0.272243185,,,15.80846873,,,39.96,,,1.68,,,,0.3356,,,26.92,,,0,,,0,,0.000202,,,389.1300725
1095,,2.7148,,,0,,,89.256,,,0.21888,,,29.884,,,67.96,,,1.6204,,,6.877054,,,5.3868,,,0.2048,,,0.2048,,,0.2048,,,,0.56864,,5.682741547,,,0.466387069,,,0.00228,,,0.050094893,,,80,,,0.254897778,,,16.83124164,,,19.68,,,1.432,,,,0.2456,,,11.844,,,0,,,0,,0.000227,,,341.5904439
1110,,2.7148,,,0,,,89.256,,,0.21888,,,29.884,,,67.96,,,1.6204,,,6.877054,,,5.3868,,,0.2048,,,0.2048,,,0.2048,,,,0.56864,,4.999824138,,,0.671034687,,,0.00229,,,0.050094893,,,80,,,0.254897778,,,16.83124164,,,19.68,,,1.432,,,,0.2456,,,11.844,,,0,,,0,,0.000227,,,341.1121841
1125,,3.1192,,,0,,,96.28,,,0.23628,,,34.948,,,70.52,,,1.8928,,,6.289136,,,4.0164,,,0.2656,,,0.2656,,,0.2212,,,,0.6152,,3.401599738,,,0.372984013,,,0.00229,,,0.04171392,,,82,,,0.611799772,,,15.3471217,,,23,,,1.772,,,,0.2212,,,13.716,,,0,,,0,,0.000354,,,359.1564791
1140,,3.1192,,,0,,,96.28,,,0.23628,,,34.948,,,70.52,,,1.8928,,,5.787122,,,4.0164,,,0.2656,,,0.2656,,,0.2212,,,,0.6152,,3.401599738,,,0.372984013,,,0.00562,,,0.046539835,,,82,,,0.549689902,,,20.2921988,,,23,,,1.772,,,,0.2212,,,13.716,,,0,,,0,,0.000354,,,363.5455883
1155,,2.5248,,,0.024754556,,,85.684,,,0.24268,,,27.216,,,62.368,,,1.504,,,5.787122,,,4.5708,,,0.2272,,,0.2724,,,0.2724,,,,0.6792,,6.473325228,,,1.0375361,,,0.00562,,,0.046539835,,,76,,,0.549689902,,,20.2921988,,,12.84,,,1.408,,,,0.2272,,,5.3836,,,0.048696,,,0.00209,,0.000208,,,315.6880604
1170,,2.5248,,,0.024754556,,,85.684,,,0.24268,,,27.216,,,62.368,,,1.504,,,6.747683,,,4.5708,,,0.2272,,,0.2724,,,0.2724,,,,0.6792,,4.493262816,,,0.873448764,,,0.00286,,,0.044579983,,,76,,,0.449214338,,,22.70564529,,,12.84,,,1.408,,,,0.2272,,,5.3836,,,0.048696,,,0.00209,,0.000208,,,316.8127227
1185,,2.4456,,,0.026112808,,,84.684,,,0.26036,,,26.68,,,62.84,,,1.5092,,,7.200877,,,7.868,,,0.2436,,,0.2436,,,0.2436,,,,0.7824,,4.493262816,,,0.873448764,,,0.00286,,,0.042372507,,,75.2,,,0.388754663,,,15.53820537,,,13.04,,,1.364,,,,0.2436,,,5.7724,,,0.10392,,,0,,0,,,312.0901739
1200,,2.4456,,,0.026112808,,,84.684,,,0.26036,,,26.68,,,62.84,,,1.5092,,,7.200877,,,7.868,,,0.2436,,,0.2436,,,0.2436,,,,0.7824,,6.174133402,,,0.611669444,,,0.00721,,,0.042372507,,,75.2,,,0.388754663,,,15.53820537,,,13.04,,,1.364,,,,0.2436,,,5.7724,,,0.10392,,,0,,0,,,313.5136152
1215,,2.86,,,0.024001414,,,92.472,,,0.29196,,,32.704,,,71.4,,,1.8084,,,5.728956,,,6.968,,,0.2732,,,0.2184,,,0.2732,,,,0.936,,8.685844835,,,0.995932585,,,0.00721,,,0.048470271,,,77.2,,,0.50376236,,,14.20692917,,,23.28,,,1.528,,,,0.2732,,,14.58,,,0,,,0.00229,,0.000226,,,357.2699826
1230,,2.86,,,0.024001414,,,92.472,,,0.29196,,,32.704,,,71.4,,,1.8084,,,6.417072,,,6.968,,,0.2732,,,0.2184,,,0.2732,,,,0.936,,8.685844835,,,0.995932585,,,0.0104,,,0.043627122,,,77.2,,,0.640219499,,,21.73179461,,,23.28,,,1.528,,,,0.2732,,,14.58,,,0,,,0.00229,,0.000226,,,365.6177681
1245,,2.4028,,,0.020872332,,,84.424,,,0.25268,,,26.676,,,68.4,,,1.4536,,,6.417072,,,5.7704,,,0.2956,,,0.2956,,,0.2364,,,,1.0132,,3.089181203,,,0.350345958,,,0.0104,,,0.043627122,,,73.6,,,0.640219499,,,21.73179461,,,18.08,,,1.36,,,,0.2364,,,10.944,,,0,,,0,,0,,,327.7441927
1260,,2.8616,,,0.020872332,,,92.856,,,0.22592,,,32.544,,,64.92,,,1.8068,,,6.275047,,,3.7668,,,0.2116,,,0.2116,,,0.282,,,,0.978,,3.385908713,,,0.389692006,,,0.00975,,,0.042362156,,,80,,,0.646892249,,,14.90024531,,,20.16,,,1.624,,,,0.2116,,,11.232,,,0,,,0,,0,,,339.5626898
1275,,2.8616,,,0.025629438,,,92.856,,,0.22592,,,32.544,,,64.92,,,1.8068,,,6.582845,,,3.7668,,,0.2116,,,0.2116,,,0.282,,,,0.978,,3.385908713,,,0.389692006,,,0.00975,,,0.042560362,,,80,,,0.528857671,,,26.81228586,,,20.16,,,1.624,,,,0.2116,,,11.232,,,0,,,0,,0,,,351.6694491
1290,,3.3636,,,0.025629438,,,101.568,,,0.12,,,38.092,,,78.84,,,2.1636,,,6.582845,,,4.0836,,,0.2244,,,0.2244,,,0.2244,,,,0,,3.663219786,,,0.407873918,,,0,,,0.042560362,,,74.4,,,0.528857671,,,26.81228586,,,26.56,,,1.792,,,,0.2244,,,15.852,,,0,,,0,,0,,,385.795672
1305,,3.3636,,,0.024754138,,,101.568,,,0.12,,,38.092,,,78.84,,,2.1636,,,5.986663,,,4.0836,,,0.2244,,,0.2244,,,0.2244,,,,0,,5.015362961,,,0.890480843,,,0,,,0.047307505,,,74.4,,,0.386408364,,,20.32712847,,,26.56,,,1.792,,,,0.2244,,,15.852,,,0,,,0.00721,,0,,,380.4177153
1320,,2.1332,,,0.024754138,,,80.896,,,0.30464,,,25.132,,,65.72,,,1.3696,,,7.261906,,,15.828,,,0.428,,,0.1428,,,0.2856,,,,0.30464,,5.015362961,,,0.890480843,,,0,,,0.044744943,,,75.2,,,0.327483763,,,24.99981351,,,16,,,1.284,,,,0.2856,,,9.6,,,0,,,0.00721,,0,,,333.4858362
1335,,2.1332,,,0,,,80.896,,,0.30464,,,25.132,,,65.72,,,1.3696,,,7.261906,,,15.828,,,0.428,,,0.1428,,,0.2856,,,,0.30464,,5.17513918,,,0.678491392,,,0,,,0.044744943,,,75.2,,,0.327483763,,,24.99981351,,,16,,,1.284,,,,0.2856,,,9.6,,,0,,,0,,0,,,333.4016588
1350,,3.2008,,,0,,,96.296,,,0.21324,,,35.424,,,70.96,,,1.9188,,,7.037148,,,5.5548,,,0.1996,,,0.1996,,,0.3996,,,,0.21324,,8.854227459,,,0.391755704,,,0,,,0.043871856,,,77.6,,,0.576978854,,,15.55712297,,,28.36,,,1.596,,,,0.1996,,,19.188,,,0,,,0,,0,,,373.9843848
1365,,3.2008,,,0,,,96.296,,,0.21324,,,35.424,,,70.96,,,1.9188,,,6.839611,,,5.5548,,,0.1996,,,0.1996,,,0.3996,,,,0.21324,,8.854227459,,,0.391755704,,,0,,,0.048633127,,,77.6,,,0.62944237,,,29.56427811,,,28.36,,,1.596,,,,0.1996,,,19.188,,,0,,,0.00975,,0.000969,,,387.8619468
1380,,3.5908,,,0,,,86.308,,,0,,,44.508,,,66.36,,,2.5124,,,6.839611,,,5.0084,,,0.3356,,,0.3356,,,0,,,,0,,6.001240773,,,0.655098749,,,0.0221,,,0.048633127,,,74.4,,,0.62944237,,,29.56427811,,,39.96,,,1.68,,,,0.3356,,,26.92,,,0,,,0.00975,,0.000969,,,396.0255231
1395,,3.5908,,,0,,,86.308,,,0,,,44.508,,,66.36,,,2.5124,,,6.255866,,,5.0084,,,0.3356,,,0.3356,,,0,,,,0,,5.174547645,,,1.068881844,,,0.0221,,,0.0506217,,,74.4,,,0.441917012,,,11.45018188,,,39.96,,,1.68,,,,0.3356,,,26.92,,,0,,,0,,0.00175,,,376.7202661
1410,,2.7148,,,0,,,89.256,,,0.21888,,,29.884,,,67.96,,,1.6204,,,7.288285,,,5.3868,,,0.2048,,,0.2048,,,0.2048,,,,0.56864,,5.174547645,,,1.068881844,,,0.00162,,,0.042316992,,,80,,,0.245744042,,,14.00098693,,,19.68,,,1.432,,,,0.2456,,,11.844,,,0,,,0,,0.00175,,,339.2496525
1425,,2.7148,,,0,,,89.256,,,0.21888,,,29.884,,,67.96,,,1.6204,,,7.288285,,,5.3868,,,0.2048,,,0.2048,,,0.2048,,,,0.56864,,5.194662788,,,0.370587188,,,0.00162,,,0.042316992,,,80,,,0.245744042,,,14.00098693,,,19.68,,,1.432,,,,0.2456,,,11.844,,,0,,,0,,0.000934,,,338.5706569
1440,,3.1192,,,0,,,96.28,,,0.23628,,,34.948,,,70.52,,,1.8928,,,6.906566,,,4.0164,,,0.2656,,,0.2656,,,0.2212,,,,0.6152,,5.107509734,,,0.373760766,,,0.00181,,,0.043419568,,,82,,,0.48028677,,,20.56956003,,,23,,,1.772,,,,0.2212,,,13.716,,,0,,,0,,0.000934,,,366.5733269
1455,,3.1192,,,0,,,96.28,,,0.23628,,,34.948,,,70.52,,,1.8928,,,5.645718,,,4.0164,,,0.2656,,,0.2656,,,0.2212,,,,0.6152,,5.107509734,,,0.373760766,,,0.00181,,,0.050908325,,,82,,,0.588109759,,,21.85146686,,,23,,,1.772,,,,0.2212,,,13.716,,,0,,,0,,0,,,366.7087634
1470,,2.5248,,,0,,,85.684,,,0.24268,,,27.216,,,62.368,,,1.504,,,5.645718,,,4.5708,,,0.2272,,,0.2724,,,0.2724,,,,0.6792,,4.933273611,,,0.34640022,,,0.00291,,,0.050908325,,,76,,,0.588109759,,,21.85146686,,,12.84,,,1.408,,,,0.2272,,,5.3836,,,0.048696,,,0,,0,,,314.8877628
1485,,2.5248,,,0,,,85.684,,,0.24268,,,27.216,,,62.368,,,1.504,,,7.17065,,,4.5708,,,0.2272,,,0.2724,,,0.2724,,,,0.6792,,6.078539303,,,0.422230906,,,0.00291,,,0.04486677,,,76,,,0.333383077,,,26.8820556,,,12.84,,,1.408,,,,0.2272,,,5.3836,,,0.048696,,,0,,0,,,322.4036117
1500,,2.4456,,,0,,,84.684,,,0.26036,,,26.68,,,62.84,,,1.5092,,,7.368686,,,7.868,,,0.2436,,,0.2436,,,0.2436,,,,0.7824,,6.078539303,,,0.422230906,,,0.00419,,,0.044844268,,,75.2,,,0.468508895,,,15.16419577,,,13.04,,,1.364,,,,0.2436,,,5.7724,,,0.10392,,,0,,0,,,313.0754751
1515,,2.4456,,,0,,,84.684,,,0.26036,,,26.68,,,62.84,,,1.5092,,,7.368686,,,7.868,,,0.2436,,,0.2436,,,0.2436,,,,0.7824,,6.348173092,,,0.784594651,,,0.00419,,,0.044844268,,,75.2,,,0.468508895,,,15.16419577,,,13.04,,,1.364,,,,0.2436,,,5.7724,,,0.10392,,,0.00324,,0,,,313.7107127
1530,,2.86,,,0,,,92.472,,,0.29196,,,32.704,,,71.4,,,1.8084,,,6.240755,,,6.968,,,0.2732,,,0.2184,,,0.2732,,,,0.936,,8.079942995,,,0.887194242,,,0.00269,,,0.04487774,,,77.2,,,0.693900509,,,14.62449067,,,23.28,,,1.528,,,,0.2732,,,14.58,,,0,,,0.00324,,0,,,357.6434512
1545,,2.86,,,0,,,92.472,,,0.29196,,,32.704,,,71.4,,,1.8084,,,6.485141,,,6.968,,,0.2732,,,0.2184,,,0.2732,,,,0.936,,8.079942995,,,0.887194242,,,0.00269,,,0.048492527,,,77.2,,,0.659067401,,,11.07939647,,,23.28,,,1.528,,,,0.2732,,,14.58,,,0,,,0,,0.000359,,,354.3086436
1560,,2.4028,,,0,,,84.424,,,0.25268,,,26.676,,,68.4,,,1.4536,,,6.485141,,,5.7704,,,0.2956,,,0.2956,,,0.2364,,,,1.0132,,3.687659108,,,0.603463228,,,0.00175,,,0.048492527,,,73.6,,,0.659067401,,,11.07939647,,,18.08,,,1.36,,,,0.2364,,,10.944,,,0,,,0,,0.000359,,,318.0060087
1575,,2.8616,,,0,,,92.856,,,0.22592,,,32.544,,,64.92,,,1.8068,,,6.606771,,,3.7668,,,0.2116,,,0.2116,,,0.282,,,,0.978,,7.129423003,,,0.9421322,,,0.00175,,,0.051070273,,,80,,,0.454726452,,,22.57213158,,,20.16,,,1.624,,,,0.2116,,,11.232,,,0,,,0,,0.000289,,,351.6502135
1590,,2.8616,,,0,,,92.856,,,0.22592,,,32.544,,,64.92,,,1.8068,,,5.70014,,,3.7668,,,0.2116,,,0.2116,,,0.282,,,,0.978,,7.129423003,,,0.9421322,,,0.00459,,,0.043023885,,,80,,,0.432096607,,,29.46384148,,,20.16,,,1.624,,,,0.2116,,,11.232,,,0,,,0,,0.000289,,,357.6074562
1605,,3.3636,,,0,,,101.568,,,0.12,,,38.092,,,78.84,,,2.1636,,,5.70014,,,4.0836,,,0.2244,,,0.2244,,,0.2244,,,,0,,5.092172204,,,0.515583674,,,0.00459,,,0.043023885,,,74.4,,,0.432096607,,,29.46384148,,,26.56,,,1.792,,,,0.2244,,,15.852,,,0,,,0.00209,,0.000208,,,388.9861459
1620,,3.3636,,,0,,,101.568,,,0.12,,,38.092,,,78.84,,,2.1636,,,6.035541,,,4.0836,,,0.2244,,,0.2244,,,0.2244,,,,0,,5.696434258,,,0.821445949,,,0.0024,,,0.050070766,,,74.4,,,0.427567422,,,29.85678942,,,26.56,,,1.792,,,,0.2244,,,15.852,,,0,,,0.00209,,0.000208,,,390.6249468
1635,,2.1332,,,0,,,80.896,,,0.30464,,,25.132,,,65.72,,,1.3696,,,6.503461,,,15.828,,,0.428,,,0.1428,,,0.2856,,,,0.30464,,5.696434258,,,0.821445949,,,0.0024,,,0.047970498,,,75.2,,,0.479529184,,,21.86967825,,,16,,,1.284,,,,0.2856,,,9.6,,,0,,,0.00269,,0.000538,,,330.3382271
1650,,2.1332,,,0,,,80.896,,,0.30464,,,25.132,,,65.72,,,1.3696,,,6.503461,,,15.828,,,0.428,,,0.1428,,,0.2856,,,,0.30464,,8.400311986,,,1.034458042,,,0,,,0.047970498,,,75.2,,,0.479529184,,,21.86967825,,,16,,,1.284,,,,0.2856,,,9.6,,,0,,,0.00269,,0.000538,,,333.252717
1665,,3.2008,,,0,,,96.296,,,0.21324,,,35.424,,,70.96,,,1.9188,,,6.790403,,,5.5548,,,0.1996,,,0.1996,,,0.3996,,,,0.21324,,4.995940297,,,1.06916178,,,0,,,0.041345562,,,77.6,,,0.43191088,,,25.81406385,,,28.36,,,1.596,,,,0.1996,,,19.188,,,0,,,0,,0.000172,,,380.6662774
1680,,3.2008,,,0,,,96.296,,,0.21324,,,35.424,,,70.96,,,1.9188,,,5.717478,,,5.5548,,,0.1996,,,0.1996,,,0.3996,,,,0.21324,,4.995940297,,,1.06916178,,,0.00631,,,0.043766909,,,77.6,,,0.415042731,,,30.62074608,,,28.36,,,1.596,,,,0.1996,,,19.188,,,0,,,0,,0.000172,,,384.3918978
1695,,3.5908,,,0,,,89.188,,,0,,,44.508,,,66.36,,,2.5124,,,5.717478,,,5.0084,,,0.3356,,,0.3356,,,0,,,,0,,4.791852115,,,0.891173624,,,0.00631,,,0.043766909,,,80.4,,,0.415042731,,,30.62074608,,,39.96,,,1.68,,,,0.3356,,,26.92,,,0,,,0.0023,,0.000227,,,403.6232965
1710,,3.5908,,,0,,,89.188,,,0,,,44.508,,,66.36,,,2.5124,,,6.223842,,,5.0084,,,0.3356,,,0.3356,,,0,,,,0,,5.833318918,,,0.813710662,,,0,,,0.041247734,,,80.4,,,0.374194945,,,14.47946391,,,39.96,,,1.68,,,,0.3356,,,26.92,,,0,,,0.0023,,0.000227,,,388.9027052
1725,,2.7148,,,0,,,89.256,,,0.21888,,,29.884,,,67.96,,,1.6204,,,6.0592,,,5.3868,,,0.2048,,,0.2048,,,0.2048,,,,0.56864,,5.833318918,,,0.813710662,,,0,,,0.051048268,,,80,,,0.30150348,,,11.83257775,,,19.68,,,1.432,,,,0.2456,,,11.844,,,0,,,0,,0.000238,,,336.3171171
1740,,2.7148,,,0,,,89.256,,,0.21888,,,29.884,,,67.96,,,1.6204,,,6.0592,,,5.3868,,,0.2048,,,0.2048,,,0.2048,,,,0.56864,,6.104847779,,,0.320351357,,,0,,,0.051048268,,,80,,,0.30150348,,,11.83257775,,,19.68,,,1.432,,,,0.2456,,,11.844,,,0,,,0,,0.000238,,,336.0952866
1755,,3.1192,,,0,,,96.28,,,0.23628,,,34.948,,,70.52,,,1.8928,,,5.741029,,,4.0164,,,0.2656,,,0.2656,,,0.2212,,,,0.6152,,8.489025174,,,1.055094936,,,0,,,0.048407297,,,82,,,0.505074679,,,19.61521417,,,23,,,1.772,,,,0.2212,,,13.716,,,0,,,0,,0,,,368.5433253
1770,,3.1192,,,0,,,96.28,,,0.23628,,,34.948,,,70.52,,,1.8928,,,6.621415,,,4.0164,,,0.2656,,,0.2656,,,0.2212,,,,0.6152,,8.489025174,,,1.055094936,,,0.0125,,,0.047006352,,,82,,,0.213135989,,,31.49485455,,,23,,,1.772,,,,0.2212,,,13.716,,,0,,,0,,0,,,381.022512
1785,,2.5248,,,0,,,85.684,,,0.24268,,,27.216,,,62.368,,,1.504,,,6.621415,,,4.5708,,,0.2272,,,0.2724,,,0.2724,,,,0.6792,,6.534229783,,,0.75682927,,,0.0125,,,0.047006352,,,76,,,0.213135989,,,31.49485455,,,12.84,,,1.408,,,,0.2272,,,5.3836,,,0.048696,,,0,,0.000313,,,327.1492599
1800,,2.5248,,,0,,,85.684,,,0.24268,,,27.216,,,62.368,,,1.504,,,5.597626,,,4.5708,,,0.2272,,,0.2724,,,0.2724,,,,0.6792,,3.674763252,,,0.534555029,,,0,,,0.051294294,,,76,,,0.459275672,,,27.89581751,,,12.84,,,1.408,,,,0.2272,,,5.3836,,,0.048696,,,0,,0.000313,,,319.6826208
1815,,2.4456,,,0,,,84.684,,,0.26036,,,26.68,,,62.84,,,1.5092,,,5.952549,,,7.868,,,0.2436,,,0.2436,,,0.2436,,,,0.7824,,3.674763252,,,0.534555029,,,0,,,0.045862191,,,75.2,,,0.220597695,,,13.79819986,,,13.04,,,1.364,,,,0.2436,,,5.7724,,,0.10392,,,0,,0,,,307.750807
1830,,2.4456,,,0,,,84.684,,,0.26036,,,26.68,,,62.84,,,1.5092,,,5.952549,,,7.868,,,0.2436,,,0.2436,,,0.2436,,,,0.7824,,7.6990338,,,0.341326779,,,0.0426,,,0.045862191,,,75.2,,,0.220597695,,,13.79819986,,,13.04,,,1.364,,,,0.2436,,,5.7724,,,0.10392,,,0,,0,,,311.6244493
1845,,2.86,,,0.022300412,,,92.472,,,0.29196,,,32.704,,,71.4,,,1.8084,,,6.762967,,,6.968,,,0.2732,,,0.2184,,,0.2732,,,,0.936,,7.651444748,,,0.634174145,,,0.0426,,,0.048395936,,,77.2,,,0.527477126,,,28.91267496,,,23.28,,,1.528,,,,0.2732,,,14.58,,,0,,,0,,0,,,371.6683943
1860,,2.4028,,,0.022453605,,,84.424,,,0.25268,,,26.676,,,68.4,,,1.4536,,,7.279883,,,5.7704,,,0.2956,,,0.2956,,,0.2364,,,,1.0132,,7.651444748,,,0.634174145,,,0,,,0.049344556,,,73.6,,,0.528007677,,,11.01733169,,,18.08,,,1.36,,,,0.2364,,,10.944,,,0,,,0,,0,,,322.6233194
1875,,2.4028,,,0.024373438,,,84.424,,,0.25268,,,26.676,,,68.4,,,1.4536,,,7.279883,,,5.7704,,,0.2956,,,0.2956,,,0.2364,,,,1.0132,,4.28002855,,,0.514956663,,,0,,,0.049344556,,,73.6,,,0.528007677,,,11.01733169,,,18.08,,,1.36,,,,0.2364,,,10.944,,,0,,,0,,0,,,319.1346056
1890,,2.8616,,,0.024480401,,,92.856,,,0.22592,,,32.544,,,64.92,,,1.8068,,,6.388796,,,3.7668,,,0.2116,,,0.2116,,,0.282,,,,0.978,,4.88573908,,,0.466395181,,,0.0103,,,0.049161998,,,80,,,0.20352436,,,13.52099528,,,20.16,,,1.624,,,,0.2116,,,11.232,,,0,,,0,,0,,,339.4413123
1905,,2.8616,,,0.026634636,,,92.856,,,0.22592,,,32.544,,,64.92,,,1.8068,,,5.508569,,,3.7668,,,0.2116,,,0.2116,,,0.282,,,,0.978,,4.88573908,,,0.466395181,,,0.0103,,,0.04796133,,,80,,,0.299225628,,,13.27279066,,,20.16,,,1.624,,,,0.2116,,,11.232,,,0,,,0,,2.63,,,341.0395355
1920,,3.3636,,,0.026661773,,,101.568,,,0.12,,,38.092,,,78.84,,,2.1636,,,5.508569,,,4.0836,,,0.2244,,,0.2244,,,0.2244,,,,0,,6.203160428,,,0.326446478,,,0,,,0.04796133,,,74.4,,,0.299225628,,,13.27279066,,,26.56,,,1.792,,,,0.2244,,,15.852,,,0,,,0,,2.63,,,376.0472153
1935,,3.3636,,,0.021282501,,,101.568,,,0.12,,,38.092,,,78.84,,,2.1636,,,7.106424,,,4.0836,,,0.2244,,,0.2244,,,0.2244,,,,0,,3.357851428,,,0.597274324,,,0,,,0.049746716,,,74.4,,,0.352419557,,,17.55449135,,,26.56,,,1.792,,,,0.2244,,,15.852,,,0,,,0,,2.84,,,379.6118899
1950,,2.1332,,,0.021255295,,,80.896,,,0.30464,,,25.132,,,65.72,,,1.3696,,,5.619013,,,15.828,,,0.428,,,0.1428,,,0.2856,,,,0.30464,,3.357851428,,,0.597274324,,,0.0111,,,0.051386412,,,75.2,,,0.667267101,,,24.85530237,,,16,,,1.284,,,,0.2856,,,9.6,,,0,,,0,,2.84,,,332.9345299
1965,,2.1332,,,0.022848267,,,80.896,,,0.30464,,,25.132,,,65.72,,,1.3696,,,5.619013,,,15.828,,,0.428,,,0.1428,,,0.2856,,,,0.30464,,4.614955413,,,0.834260199,,,0.0111,,,0.051386412,,,75.2,,,0.667267101,,,24.85530237,,,16,,,1.284,,,,0.2856,,,9.6,,,0,,,0,,3.02,,,334.6102128
1980,,3.2008,,,0.022660591,,,96.296,,,0.21324,,,35.424,,,70.96,,,1.9188,,,7.40266,,,5.5548,,,0.1996,,,0.1996,,,0.3996,,,,0.21324,,7.637553326,,,0.647160376,,,0.0119,,,0.045691527,,,77.6,,,0.683909097,,,29.73670135,,,28.36,,,1.596,,,,0.1996,,,19.188,,,0,,,0,,3.02,,,390.7315163
1995,,3.2008,,,0.022477347,,,96.296,,,0.21324,,,35.424,,,70.96,,,1.9188,,,7.423019,,,5.5548,,,0.1996,,,0.1996,,,0.3996,,,,0.21324,,7.637553326,,,0.647160376,,,0.0119,,,0.050502982,,,77.6,,,0.575304157,,,31.35789336,,,28.36,,,1.596,,,,0.1996,,,19.188,,,0,,,0,,2.85,,,392.0990905
2010,,3.5908,,,0.022435729,,,87.388,,,0,,,44.508,,,66.36,,,2.5124,,,7.423019,,,5.0084,,,0.3356,,,0.3356,,,0,,,,0,,7.876702954,,,0.552541236,,,0,,,0.050502982,,,74.4,,,0.575304157,,,31.35789336,,,39.96,,,1.68,,,,0.3356,,,26.92,,,0,,,0,,2.85,,,404.0427994
2025,,3.5908,,,0.020064271,,,87.388,,,0,,,44.508,,,66.36,,,2.5124,,,5.938833,,,5.0084,,,0.3356,,,0.3356,,,0,,,,0,,7.187621009,,,0.455973615,,,0,,,0.046179726,,,74.4,,,0.217215048,,,28.56495513,,,39.96,,,1.68,,,,0.3356,,,26.92,,,0,,,0,,2.78,,,398.5452418
2040,,2.7148,,,0.020064271,,,89.256,,,0.21888,,,29.884,,,67.96,,,1.6204,,,7.086786,,,5.3868,,,0.2048,,,0.2048,,,0.2048,,,,0.56864,,7.187621009,,,0.455973615,,,0,,,0.044994153,,,80,,,0.436067032,,,15.26789649,,,19.68,,,1.432,,,,0.2456,,,11.844,,,0,,,0,,2.78,,,344.7049226
2055,,2.7148,,,0.024754556,,,89.256,,,0.21888,,,29.884,,,67.96,,,1.6204,,,7.086786,,,5.3868,,,0.2048,,,0.2048,,,0.2048,,,,0.56864,,5.69325144,,,0.345700353,,,0,,,0.044994153,,,80,,,0.436067032,,,15.26789649,,,19.68,,,1.432,,,,0.2456,,,11.844,,,0,,,0,,2.81,,,343.13497
2070,,3.1192,,,0.024754556,,,96.28,,,0.23628,,,34.948,,,70.52,,,1.8928,,,6.875323,,,4.0164,,,0.2656,,,0.2656,,,0.2212,,,,0.6152,,3.169969397,,,0.686981283,,,0.0155,,,0.043642038,,,82,,,0.603603521,,,13.55666277,,,23,,,1.772,,,,0.2212,,,13.716,,,0,,,0,,2.81,,,360.8759166
2085,,3.1192,,,0.026112808,,,96.28,,,0.23628,,,34.948,,,70.52,,,1.8928,,,6.551829,,,4.0164,,,0.2656,,,0.2656,,,0.2212,,,,0.6152,,3.169969397,,,0.686981283,,,0.0155,,,0.043487386,,,82,,,0.23981919,,,21.86834027,,,23,,,1.772,,,,0.2212,,,13.716,,,0,,,0,,2.78,,,368.4715193
2100,,2.5248,,,0.026112808,,,85.684,,,0.24268,,,27.216,,,62.368,,,1.504,,,6.551829,,,4.5708,,,0.2272,,,0.2724,,,0.2724,,,,0.6792,,5.054551021,,,0.404463144,,,0,,,0.043487386,,,76,,,0.23981919,,,21.86834027,,,12.84,,,1.408,,,,0.2272,,,5.3836,,,0.048696,,,0,,2.78,,,318.4375788
2115,,2.5248,,,0.024001414,,,85.684,,,0.24268,,,27.216,,,62.368,,,1.504,,,7.159258,,,4.5708,,,0.2272,,,0.2724,,,0.2724,,,,0.6792,,3.572038862,,,0.405511151,,,0,,,0.049550778,,,76,,,0.214427568,,,19.95805683,,,12.84,,,1.408,,,,0.2272,,,5.3836,,,0.048696,,,0,,2.83,,,315.6818206
2130,,2.4456,,,0.024001414,,,84.684,,,0.26036,,,26.68,,,62.84,,,1.5092,,,6.809311,,,7.868,,,0.2436,,,0.2436,,,0.2436,,,,0.7824,,3.572038862,,,0.405511151,,,0.00321,,,0.04274275,,,75.2,,,0.284547292,,,14.28206355,,,13.04,,,1.364,,,,0.2436,,,5.7724,,,0.10392,,,0,,2.83,,,311.777706
2145,,2.4456,,,0.020872332,,,84.684,,,0.26036,,,26.68,,,62.84,,,1.5092,,,6.809311,,,7.868,,,0.2436,,,0.2436,,,0.2436,,,,0.7824,,5.332713342,,,0.564481025,,,0.00321,,,0.04274275,,,75.2,,,0.284547292,,,14.28206355,,,13.04,,,1.364,,,,0.2436,,,5.7724,,,0.10392,,,0,,2.78,,,313.6442213
2160,,2.86,,,0.020872332,,,92.472,,,0.29196,,,32.704,,,71.4,,,1.8084,,,6.166415,,,6.968,,,0.2732,,,0.2184,,,0.2732,,,,0.936,,7.174974894,,,0.894367118,,,0.0058,,,0.041921372,,,77.2,,,0.551668355,,,14.15992989,,,23.28,,,1.528,,,,0.2732,,,14.58,,,0,,,0,,2.78,,,358.862309
2175,,2.86,,,0.025629438,,,92.472,,,0.29196,,,32.704,,,71.4,,,1.8084,,,7.320499,,,6.968,,,0.2732,,,0.2184,,,0.2732,,,,0.936,,7.174974894,,,0.894367118,,,0.0058,,,0.049812475,,,77.2,,,0.687745605,,,16.96259828,,,23.28,,,1.528,,,,0.2732,,,14.58,,,0,,,0,,2.81,,,362.9977868
2190,,2.4028,,,0.025629438,,,84.424,,,0.25268,,,26.676,,,68.4,,,1.4536,,,7.320499,,,5.7704,,,0.2956,,,0.2956,,,0.2364,,,,1.0132,,6.643766138,,,0.793817225,,,0.00705,,,0.049812475,,,73.6,,,0.687745605,,,16.96259828,,,18.08,,,1.36,,,,0.2364,,,10.944,,,0,,,0,,2.81,,,330.7415982
2205,,2.8616,,,0.024754138,,,92.856,,,0.22592,,,32.544,,,64.92,,,1.8068,,,5.760123,,,3.7668,,,0.2116,,,0.2116,,,0.282,,,,0.978,,5.856005105,,,1.063653611,,,0.00705,,,0.043648179,,,80,,,0.539369995,,,12.81070278,,,20.16,,,1.624,,,,0.2116,,,11.232,,,0,,,0.00476,,0.000416,,,340.0024028
2220,,2.8616,,,0.024754138,,,92.856,,,0.22592,,,32.544,,,64.92,,,1.8068,,,6.666986,,,3.7668,,,0.2116,,,0.2116,,,0.282,,,,0.978,,5.856005105,,,1.063653611,,,0,,,0.047857837,,,80,,,0.394537475,,,15.18443336,,,20.16,,,1.624,,,,0.2116,,,11.232,,,0,,,0.00476,,0.000416,,,343.1353235
2235,,3.3636,,,0.027145136,,,101.568,,,0.12,,,38.092,,,78.84,,,2.1636,,,6.666986,,,4.0836,,,0.2244,,,0.2244,,,0.2244,,,,0,,4.526885911,,,1.064343843,,,0,,,0.047857837,,,74.4,,,0.394537475,,,15.18443336,,,26.56,,,1.792,,,,0.2244,,,15.852,,,0,,,0,,0.000322,,,375.6449116
2250,,3.3636,,,0.027145136,,,101.568,,,0.12,,,38.092,,,78.84,,,2.1636,,,6.452934,,,4.0836,,,0.2244,,,0.2244,,,0.2244,,,,0,,5.370044804,,,0.685839036,,,0.0051,,,0.049139464,,,74.4,,,0.653193862,,,22.92547158,,,26.56,,,1.792,,,,0.2244,,,15.852,,,0,,,0,,0.000322,,,383.9015899
2265,,2.1332,,,0.026302449,,,80.896,,,0.30464,,,25.132,,,65.72,,,1.3696,,,0,,,15.828,,,0.428,,,0.1428,,,0.2856,,,,0.30464,,5.370044804,,,0.685839036,,,0.0051,,,0.045677405,,,75.2,,,0.228689384,,,14.18850777,,,16,,,1.284,,,,0.2856,,,9.6,,,0,,,0,,0.000568,,,315.4648088
2280,,2.1332,,,0.026302449,,,80.896,,,0.30464,,,25.132,,,65.72,,,1.3696,,,0,,,15.828,,,0.428,,,0.1428,,,0.2856,,,,0.30464,,4.692857958,,,0.652046329,,,0,,,0.045677405,,,75.2,,,0.228689384,,,14.18850777,,,16,,,1.284,,,,0.2856,,,9.6,,,0,,,0,,0.000568,,,314.7487293
2295,,3.2008,,,0.021431559,,,96.296,,,0.21324,,,35.424,,,70.96,,,1.9188,,,0,,,5.5548,,,0.1996,,,0.1996,,,0.3996,,,,0.21324,,6.931520782,,,0.724133522,,,0,,,0.043472638,,,77.6,,,0,,,25.33634611,,,28.36,,,1.596,,,,0.1996,,,19.188,,,0,,,0,,0,,,374.5801846
2310,,3.2008,,,0.021431559,,,96.296,,,0.21324,,,35.424,,,70.96,,,1.9188,,,0,,,5.5548,,,0.1996,,,0.1996,,,0.3996,,,,0.21324,,6.931520782,,,0.724133522,,,0,,,0.041436361,,,77.6,,,0,,,15.7342634,,,28.36,,,1.596,,,,0.1996,,,19.188,,,0,,,0,,0,,,364.9760656
2325,,3.5908,,,0.027415887,,,95.188,,,0,,,44.508,,,66.36,,,2.5124,,,0,,,5.0084,,,0.3356,,,0.3356,,,0,,,,0,,0,,,0,,,0,,,0.041436361,,,74.4,,,0,,,15.7342634,,,39.96,,,1.68,,,,0.3356,,,26.92,,,0,,,0.0101,,0,,,376.9476156
2340,,3.5908,,,0.027415887,,,95.188,,,0,,,44.508,,,66.36,,,2.5124,,,0,,,5.0084,,,0.3356,,,0.3356,,,0,,,,0,,0,,,0,,,0,,,0.046207283,,,74.4,,,0,,,30.06285138,,,39.96,,,1.68,,,,0.3356,,,26.92,,,0,,,0.0101,,0,,,391.2809746
2355,,2.7148,,,0.026953648,,,89.256,,,0.21888,,,29.884,,,67.96,,,1.6204,,,0,,,5.3868,,,0.2048,,,0.2048,,,0.2048,,,,0.56864,,0,,,0,,,0,,,0.050931714,,,80,,,0,,,18.76317753,,,19.68,,,1.432,,,,0.2456,,,11.844,,,0,,,0,,0,,,330.2665829
2370,,2.7148,,,0.026953648,,,89.256,,,0.21888,,,29.884,,,67.96,,,1.6204,,,0,,,5.3868,,,0.2048,,,0.2048,,,0.2048,,,,0.56864,,0,,,0,,,0.00369,,,0.050931714,,,80,,,0,,,18.76317753,,,19.68,,,1.432,,,,0.2456,,,11.844,,,0,,,0,,0,,,330.2702729
2385,,3.1192,,,0.023794134,,,96.28,,,0.23628,,,34.948,,,70.52,,,1.8928,,,0,,,4.0164,,,0.2656,,,0.2656,,,0.2212,,,,0.6152,,0,,,0,,,0.00369,,,0.0444,,,82,,,0,,,0,,,23,,,1.772,,,,0.2212,,,13.716,,,0,,,0,,0,,,333.1613641
2400,,3.1192,,,0.023794134,,,96.28,,,0.23628,,,34.948,,,70.52,,,1.8928,,,0,,,4.0164,,,0.2656,,,0.2656,,,0.2212,,,,0.6152,,0,,,0,,,0.00341,,,0.0444,,,82,,,0,,,0,,,23,,,1.772,,,,0.2212,,,13.716,,,0,,,0,,0,,,333.1610841
2415,,2.5248,,,0.020317487,,,85.684,,,0.24268,,,27.216,,,62.368,,,1.504,,,0,,,4.5708,,,0.2272,,,0.2724,,,0.2724,,,,0.6792,,0,,,0,,,0.00341,,,0,,,76,,,0,,,21.86967825,,,12.84,,,1.408,,,,0.2272,,,5.3836,,,0.048696,,,0,,0,,,303.3623817
2430,,2.5248,,,0.020317487,,,85.684,,,0.24268,,,27.216,,,62.368,,,1.504,,,0,,,4.5708,,,0.2272,,,0.2724,,,0.2724,,,,0.6792,,0,,,0,,,0.00381,,,0,,,76,,,0,,,25.81406385,,,12.84,,,1.408,,,,0.2272,,,5.3836,,,0.048696,,,0,,0,,,307.3071673
2445,,2.4456,,,0.022304063,,,84.684,,,0.26036,,,26.68,,,62.84,,,1.5092,,,0,,,7.868,,,0.2436,,,0.2436,,,0.2436,,,,0.7824,,0,,,0.003356,,,0.00381,,,0,,,75.2,,,0,,,30.62074608,,,13.04,,,1.364,,,,0.2436,,,5.7724,,,0.10392,,,0,,0,,,314.1744961
2460,,2.4456,,,0.022304063,,,84.684,,,0.26036,,,26.68,,,62.84,,,1.5092,,,0,,,7.868,,,0.2436,,,0.2436,,,0.2436,,,,0.7824,,0,,,0.003356,,,0.00469,,,0,,,75.2,,,0,,,30.62074608,,,13.04,,,1.364,,,,0.2436,,,5.7724,,,0.10392,,,0,,0,,,314.1753761
2475,,2.86,,,0,,,92.472,,,0.29196,,,32.704,,,71.4,,,1.8084,,,0,,,6.968,,,0.2732,,,0.2184,,,0.2732,,,,0.936,,0,,,0,,,0.00469,,,0,,,77.2,,,0,,,14.47946391,,,23.28,,,1.528,,,,0.2732,,,14.58,,,0,,,0,,0.0011,,,341.5516139
2490,,2.86,,,0,,,92.472,,,0.29196,,,32.704,,,71.4,,,1.8084,,,0,,,6.968,,,0.2732,,,0.2184,,,0.2732,,,,0.936,,0,,,0,,,0,,,0,,,77.2,,,0,,,11.83257775,,,23.28,,,1.528,,,,0.2732,,,14.58,,,0,,,0,,0.0011,,,338.9000378
2505,,2.4028,,,0,,,84.424,,,0.25268,,,26.676,,,68.4,,,1.4536,,,0,,,5.7704,,,0.2956,,,0.2956,,,0.2364,,,,1.0132,,0,,,0,,,0,,,0,,,73.6,,,0,,,11.83257775,,,18.08,,,1.36,,,,0.2364,,,10.944,,,0,,,0,,0.000338,,,307.2735958
2520,,2.8616,,,0,,,92.856,,,0.22592,,,32.544,,,64.92,,,1.8068,,,0,,,3.7668,,,0.2116,,,0.2116,,,0.282,,,,0.978,,0,,,0,,,0,,,0,,,80,,,0,,,19.61521417,,,20.16,,,1.624,,,,0.2116,,,11.232,,,0,,,0,,0.000338,,,333.5074722
2535,,2.8616,,,0,,,92.856,,,0.22592,,,32.544,,,64.92,,,1.8068,,,0,,,3.7668,,,0.2116,,,0.2116,,,0.282,,,,0.978,,0,,,0,,,0,,,0,,,80,,,0,,,31.49485455,,,20.16,,,1.624,,,,0.2116,,,11.232,,,0,,,0,,0.000189,,,345.3869636
2550,,3.3636,,,0,,,101.568,,,0.12,,,38.092,,,78.84,,,2.1636,,,0,,,4.0836,,,0.2244,,,0.2244,,,0.2244,,,,0,,0,,,0,,,0,,,0,,,74.4,,,0,,,31.49485455,,,26.56,,,1.792,,,,0.2244,,,15.852,,,0,,,0,,0.000189,,,379.2274436
2565,,3.3636,,,0,,,101.568,,,0.12,,,38.092,,,78.84,,,2.1636,,,0,,,4.0836,,,0.2244,,,0.2244,,,0.2244,,,,0,,0,,,0,,,0,,,0,,,74.4,,,0,,,27.89581751,,,26.56,,,1.792,,,,0.2244,,,15.852,,,0,,,0.00235,,0.000233,,,375.6308005
2580,,2.1332,,,0,,,80.896,,,0.30464,,,25.132,,,65.72,,,1.3696,,,0,,,15.828,,,0.428,,,0.1428,,,0.2856,,,,0.30464,,0,,,0,,,0.0034,,,0,,,75.2,,,0,,,13.79819986,,,16,,,1.284,,,,0.2856,,,9.6,,,0,,,0.00235,,0.000233,,,308.7182629
2595,,2.1332,,,0,,,80.896,,,0.30464,,,25.132,,,65.72,,,1.3696,,,0,,,15.828,,,0.428,,,0.1428,,,0.2856,,,,0.30464,,0,,,0,,,0.0034,,,0,,,75.2,,,0,,,13.79819986,,,16,,,1.284,,,,0.2856,,,9.6,,,0,,,0,,0,,,308.7156799
2610,,3.2008,,,0,,,96.296,,,0.21324,,,35.424,,,70.96,,,1.9188,,,0,,,5.5548,,,0.1996,,,0.1996,,,0.3996,,,,0.21324,,0,,,0.01364,,,0,,,0,,,77.6,,,0,,,28.91267496,,,28.36,,,1.596,,,,0.1996,,,19.188,,,0,,,0,,0,,,370.449595
2625,,2.1332,,,0,,,80.896,,,0.30464,,,25.132,,,65.72,,,1.3696,,,0,,,15.828,,,0.428,,,0.1428,,,0.2856,,,,0.30464,,0,,,0,,,0,,,0,,,75.2,,,0,,,11.01733169,,,16,,,1.284,,,,0.2856,,,9.6,,,0,,,0,,0,,,305.9314117
2640,,3.2008,,,0,,,96.296,,,0.21324,,,35.424,,,70.96,,,1.9188,,,0,,,5.5548,,,0.1996,,,0.1996,,,0.3996,,,,0.21324,,0,,,0.01364,,,0,,,0,,,77.6,,,0,,,11.01733169,,,28.36,,,1.596,,,,0.1996,,,19.188,,,0,,,0,,0,,,352.5542517
2655,,3.2008,,,0,,,96.296,,,0.21324,,,35.424,,,70.96,,,1.9188,,,0,,,5.5548,,,0.1996,,,0.1996,,,0.3996,,,,0.21324,,0,,,0.01364,,,0,,,0,,,77.6,,,0,,,13.52099528,,,28.36,,,1.596,,,,0.1996,,,19.188,,,0,,,0,,0.000262,,,355.0581773
2670,,3.5908,,,0,,,89.188,,,0,,,44.508,,,66.36,,,2.5124,,,0,,,5.0084,,,0.3356,,,0.3356,,,0,,,,0,,0,,,0,,,0,,,0,,,75.2,,,0,,,13.27279066,,,39.96,,,1.68,,,,0.3356,,,26.92,,,0,,,0,,0.000262,,,369.2074527
2685,,3.5908,,,0,,,89.188,,,0,,,44.508,,,66.36,,,2.5124,,,0,,,5.0084,,,0.3356,,,0.3356,,,0,,,,0,,0,,,0,,,0,,,0,,,75.2,,,0,,,13.27279066,,,39.96,,,1.68,,,,0.3356,,,26.92,,,0,,,0,,0,,,369.2071907
2700,,2.7148,,,0,,,89.256,,,0.21888,,,29.884,,,67.96,,,1.6204,,,0,,,5.3868,,,0.2048,,,0.2048,,,0.2048,,,,0.56864,,0,,,0,,,0.00643,,,0,,,80,,,0,,,17.55449135,,,19.68,,,1.432,,,,0.2456,,,11.844,,,0,,,0,,0,,,328.9864414
2715,,2.7148,,,0,,,89.256,,,0.21888,,,29.884,,,67.96,,,1.6204,,,0,,,5.3868,,,0.2048,,,0.2048,,,0.2048,,,,0.56864,,0,,,0,,,0.00643,,,0,,,80,,,0,,,24.85530237,,,19.68,,,1.432,,,,0.2456,,,11.844,,,0,,,0.00331,,0,,,336.2905624
2730,,3.1192,,,0,,,96.28,,,0.23628,,,34.948,,,70.52,,,1.8928,,,0,,,4.0164,,,0.2656,,,0.2656,,,0.2212,,,,0.6152,,0,,,0,,,0,,,0.0444,,,82,,,0,,,0,,,23,,,1.772,,,,0.2212,,,13.716,,,0,,,0.00331,,0,,,333.13719
2745,,3.1192,,,0,,,96.28,,,0.23628,,,34.948,,,70.52,,,1.8928,,,0,,,4.0164,,,0.2656,,,0.2656,,,0.2212,,,,0.6152,,0,,,0,,,0,,,0.0444,,,82,,,0,,,0,,,23,,,1.772,,,,0.2212,,,13.716,,,0,,,0,,0.00024,,,333.13412
2760,,2.5248,,,0,,,85.684,,,0.24268,,,27.216,,,62.368,,,1.504,,,0,,,4.5708,,,0.2272,,,0.2724,,,0.2724,,,,0.6792,,0,,,0,,,0,,,0,,,76,,,0,,,0,,,12.84,,,1.408,,,,0.2272,,,5.3836,,,0.048696,,,0,,0.00024,,,281.469216
2775,,2.5248,,,0,,,85.684,,,0.24268,,,27.216,,,62.368,,,1.504,,,0,,,4.5708,,,0.2272,,,0.2724,,,0.2724,,,,0.6792,,0,,,0,,,0,,,0,,,76,,,0,,,0,,,12.84,,,1.408,,,,0.2272,,,5.3836,,,0.048696,,,0.00416,,0,,,281.473136
2790,,2.4456,,,0,,,84.684,,,0.26036,,,26.68,,,62.84,,,1.5092,,,0,,,7.868,,,0.2436,,,0.2436,,,0.2436,,,,0.7824,,0,,,0.003356,,,0,,,0,,,75.2,,,0,,,0,,,13.04,,,1.364,,,,0.2436,,,5.7724,,,0.10392,,,0.00416,,0,,,283.531796
2805,,2.4456,,,0,,,84.684,,,0.26036,,,26.68,,,62.84,,,1.5092,,,0,,,7.868,,,0.2436,,,0.2436,,,0.2436,,,,0.7824,,0,,,0.003356,,,0,,,0,,,75.2,,,0,,,0,,,13.04,,,1.364,,,,0.2436,,,5.7724,,,0.10392,,,0.00643,,0.000637,,,283.534703
2820,,2.86,,,0,,,92.472,,,0.29196,,,32.704,,,71.4,,,1.8084,,,0,,,6.968,,,0.2732,,,0.2184,,,0.2732,,,,0.936,,0,,,0,,,0.0458,,,0,,,77.2,,,0,,,0,,,23.28,,,1.528,,,,0.2732,,,14.58,,,0,,,0.00643,,0.000637,,,327.119227
2835,,2.4028,,,0,,,84.424,,,0.25268,,,26.676,,,68.4,,,1.4536,,,0,,,5.7704,,,0.2956,,,0.2956,,,0.2364,,,,1.0132,,0,,,0,,,0,,,0,,,73.6,,,0,,,11.83257775,,,18.08,,,1.36,,,,0.2364,,,10.944,,,0,,,0,,0.000338,,,307.2735958
2850,,2.8616,,,0,,,92.856,,,0.22592,,,32.544,,,64.92,,,1.8068,,,0,,,3.7668,,,0.2116,,,0.2116,,,0.282,,,,0.978,,0,,,0,,,0,,,0,,,80,,,0,,,19.61521417,,,20.16,,,1.624,,,,0.2116,,,11.232,,,0,,,0,,0.000338,,,333.5074722
2865,,2.8616,,,0,,,92.856,,,0.22592,,,32.544,,,64.92,,,1.8068,,,0,,,3.7668,,,0.2116,,,0.2116,,,0.282,,,,0.978,,0,,,0,,,0,,,0,,,80,,,0,,,31.49485455,,,20.16,,,1.624,,,,0.2116,,,11.232,,,0,,,0,,0.000189,,,345.3869636
2880,,3.3636,,,0,,,101.568,,,0.12,,,38.092,,,78.84,,,2.1636,,,0,,,4.0836,,,0.2244,,,0.2244,,,0.2244,,,,0,,0,,,0,,,0,,,0,,,74.4,,,0,,,31.49485455,,,26.56,,,1.792,,,,0.2244,,,15.852,,,0,,,0,,0.000189,,,379.2274436
2895,,3.3636,,,0,,,101.568,,,0.12,,,38.092,,,78.84,,,2.1636,,,0,,,4.0836,,,0.2244,,,0.2244,,,0.2244,,,,0,,0,,,0,,,0,,,0,,,74.4,,,0,,,27.89581751,,,26.56,,,1.792,,,,0.2244,,,15.852,,,0,,,0.00235,,0.000233,,,375.6308005
2910,,2.1332,,,0,,,80.896,,,0.30464,,,25.132,,,65.72,,,1.3696,,,0,,,15.828,,,0.428,,,0.1428,,,0.2856,,,,0.30464,,0,,,0,,,0.0034,,,0,,,75.2,,,0,,,13.79819986,,,16,,,1.284,,,,0.2856,,,9.6,,,0,,,0.00235,,0.000233,,,308.7182629
2925,,2.1332,,,0,,,80.896,,,0.30464,,,25.132,,,65.72,,,1.3696,,,0,,,15.828,,,0.428,,,0.1428,,,0.2856,,,,0.30464,,0,,,0,,,0.0034,,,0,,,75.2,,,0,,,13.79819986,,,16,,,1.284,,,,0.2856,,,9.6,,,0,,,0,,0,,,308.7156799
2940,,3.2008,,,0,,,96.296,,,0.21324,,,35.424,,,70.96,,,1.9188,,,0,,,5.5548,,,0.1996,,,0.1996,,,0.3996,,,,0.21324,,0,,,0.01364,,,0,,,0,,,77.6,,,0,,,28.91267496,,,28.36,,,1.596,,,,0.1996,,,19.188,,,0,,,0,,0,,,370.449595
2955,,2.1332,,,0,,,80.896,,,0.30464,,,25.132,,,65.72,,,1.3696,,,0,,,15.828,,,0.428,,,0.1428,,,0.2856,,,,0.30464,,0,,,0,,,0,,,0,,,75.2,,,0,,,11.01733169,,,16,,,1.284,,,,0.2856,,,9.6,,,0,,,0,,0,,,305.9314117
2970,,3.2008,,,0,,,96.296,,,0.21324,,,35.424,,,70.96,,,1.9188,,,0,,,5.5548,,,0.1996,,,0.1996,,,0.3996,,,,0.21324,,0,,,0.01364,,,0,,,0,,,77.6,,,0,,,11.01733169,,,28.36,,,1.596,,,,0.1996,,,19.188,,,0,,,0,,0,,,352.5542517
2985,,3.2008,,,0,,,96.296,,,0.21324,,,35.424,,,70.96,,,1.9188,,,0,,,5.5548,,,0.1996,,,0.1996,,,0.3996,,,,0.21324,,0,,,0.01364,,,0,,,0,,,77.6,,,0,,,13.52099528,,,28.36,,,1.596,,,,0.1996,,,19.188,,,0,,,0,,0.000262,,,355.0581773
3000,,3.5908,,,0,,,89.188,,,0,,,44.508,,,66.36,,,2.5124,,,0,,,5.0084,,,0.3356,,,0.3356,,,0,,,,0,,0,,,0,,,0,,,0,,,75.2,,,0,,,13.27279066,,,39.96,,,1.68,,,,0.3356,,,26.92,,,0,,,0,,0.000262,,,369.2074527
3015,,3.5908,,,0,,,89.188,,,0,,,44.508,,,66.36,,,2.5124,,,0,,,5.0084,,,0.3356,,,0.3356,,,0,,,,0,,0,,,0,,,0,,,0,,,75.2,,,0,,,13.27279066,,,39.96,,,1.68,,,,0.3356,,,26.92,,,0,,,0,,0,,,369.2071907
3030,,2.7148,,,0,,,89.256,,,0.21888,,,29.884,,,67.96,,,1.6204,,,0,,,5.3868,,,0.2048,,,0.2048,,,0.2048,,,,0.56864,,0,,,0,,,0.00643,,,0,,,80,,,0,,,17.55449135,,,19.68,,,1.432,,,,0.2456,,,11.844,,,0,,,0,,0,,,328.9864414
3045,,2.7148,,,0,,,89.256,,,0.21888,,,29.884,,,67.96,,,1.6204,,,0,,,5.3868,,,0.2048,,,0.2048,,,0.2048,,,,0.56864,,0,,,0,,,0.00643,,,0,,,80,,,0,,,24.85530237,,,19.68,,,1.432,,,,0.2456,,,11.844,,,0,,,0.00331,,0,,,336.2905624
3060,,3.1192,,,0,,,96.28,,,0.23628,,,34.948,,,70.52,,,1.8928,,,0,,,4.0164,,,0.2656,,,0.2656,,,0.2212,,,,0.6152,,0,,,0,,,0,,,0.0444,,,82,,,0,,,0,,,23,,,1.772,,,,0.2212,,,13.716,,,0,,,0.00331,,0,,,333.13719
3075,,3.1192,,,0,,,96.28,,,0.23628,,,34.948,,,70.52,,,1.8928,,,0,,,4.0164,,,0.2656,,,0.2656,,,0.2212,,,,0.6152,,0,,,0,,,0,,,0.0444,,,82,,,0,,,0,,,23,,,1.772,,,,0.2212,,,13.716,,,0,,,0,,0.00024,,,333.13412
3090,,2.5248,,,0,,,85.684,,,0.24268,,,27.216,,,62.368,,,1.504,,,0,,,4.5708,,,0.2272,,,0.2724,,,0.2724,,,,0.6792,,0,,,0,,,0,,,0,,,76,,,0,,,0,,,12.84,,,1.408,,,,0.2272,,,5.3836,,,0.048696,,,0,,0.00024,,,281.469216
3105,,2.5248,,,0,,,85.684,,,0.24268,,,27.216,,,62.368,,,1.504,,,0,,,4.5708,,,0.2272,,,0.2724,,,0.2724,,,,0.6792,,0,,,0,,,0,,,0,,,76,,,0,,,0,,,12.84,,,1.408,,,,0.2272,,,5.3836,,,0.048696,,,0.00416,,0,,,281.473136
3120,,2.4456,,,0,,,84.684,,,0.26036,,,26.68,,,62.84,,,1.5092,,,0,,,7.868,,,0.2436,,,0.2436,,,0.2436,,,,0.7824,,0,,,0.003356,,,0,,,0,,,75.2,,,0,,,0,,,13.04,,,1.364,,,,0.2436,,,5.7724,,,0.10392,,,0.00416,,0,,,283.531796
3135,,2.4456,,,0,,,84.684,,,0.26036,,,26.68,,,62.84,,,1.5092,,,0,,,7.868,,,0.2436,,,0.2436,,,0.2436,,,,0.7824,,0,,,0.003356,,,0,,,0,,,75.2,,,0,,,0,,,13.04,,,1.364,,,,0.2436,,,5.7724,,,0.10392,,,0.00643,,0.000637,,,283.534703
3150,,2.86,,,0,,,92.472,,,0.29196,,,32.704,,,71.4,,,1.8084,,,0,,,6.968,,,0.2732,,,0.2184,,,0.2732,,,,0.936,,0,,,0,,,0.0458,,,0,,,77.2,,,0,,,0,,,23.28,,,1.528,,,,0.2732,,,14.58,,,0,,,0.00643,,0.000637,,,327.119227
3165,,2.86,,,0,,,92.472,,,0.29196,,,32.704,,,71.4,,,1.8084,,,0,,,6.968,,,0.2732,,,0.2184,,,0.2732,,,,0.936,,0,,,0,,,0.0458,,,0,,,77.2,,,0,,,0,,,23.28,,,1.528,,,,0.2732,,,14.58,,,0,,,0,,0.000902,,,327.113062
3180,,2.4028,,,0,,,84.424,,,0.25268,,,26.676,,,68.4,,,1.4536,,,0,,,5.7704,,,0.2956,,,0.2956,,,0.2364,,,,1.0132,,0,,,0,,,0.065,,,0,,,73.6,,,0,,,0,,,18.08,,,1.36,,,,0.2364,,,10.944,,,0,,,0,,0.000902,,,295.506582
3195,,2.5248,,,0.026112808,,,85.684,,,0.24268,,,27.216,,,62.368,,,1.504,,,6.551829,,,4.5708,,,0.2272,,,0.2724,,,0.2724,,,,0.6792,,5.054551021,,,0.404463144,,,0,,,0.043487386,,,76,,,0.23981919,,,21.86834027,,,12.84,,,1.408,,,,0.2272,,,5.3836,,,0.048696,,,0,,2.78,,,318.4375788
3210,,2.5248,,,0.024001414,,,85.684,,,0.24268,,,27.216,,,62.368,,,1.504,,,7.159258,,,4.5708,,,0.2272,,,0.2724,,,0.2724,,,,0.6792,,3.572038862,,,0.405511151,,,0,,,0.049550778,,,76,,,0.214427568,,,19.95805683,,,12.84,,,1.408,,,,0.2272,,,5.3836,,,0.048696,,,0,,2.83,,,315.6818206
3225,,2.4456,,,0.024001414,,,84.684,,,0.26036,,,26.68,,,62.84,,,1.5092,,,6.809311,,,7.868,,,0.2436,,,0.2436,,,0.2436,,,,0.7824,,3.572038862,,,0.405511151,,,0.00321,,,0.04274275,,,75.2,,,0.284547292,,,14.28206355,,,13.04,,,1.364,,,,0.2436,,,5.7724,,,0.10392,,,0,,2.83,,,311.777706
3240,,2.4456,,,0.020872332,,,84.684,,,0.26036,,,26.68,,,62.84,,,1.5092,,,6.809311,,,7.868,,,0.2436,,,0.2436,,,0.2436,,,,0.7824,,5.332713342,,,0.564481025,,,0.00321,,,0.04274275,,,75.2,,,0.284547292,,,14.28206355,,,13.04,,,1.364,,,,0.2436,,,5.7724,,,0.10392,,,0,,2.78,,,313.6442213
3255,,2.86,,,0.020872332,,,92.472,,,0.29196,,,32.704,,,71.4,,,1.8084,,,6.166415,,,6.968,,,0.2732,,,0.2184,,,0.2732,,,,0.936,,7.174974894,,,0.894367118,,,0.0058,,,0.041921372,,,77.2,,,0.551668355,,,14.15992989,,,23.28,,,1.528,,,,0.2732,,,14.58,,,0,,,0,,2.78,,,358.862309
3270,,2.86,,,0.025629438,,,92.472,,,0.29196,,,32.704,,,71.4,,,1.8084,,,7.320499,,,6.968,,,0.2732,,,0.2184,,,0.2732,,,,0.936,,7.174974894,,,0.894367118,,,0.0058,,,0.049812475,,,77.2,,,0.687745605,,,16.96259828,,,23.28,,,1.528,,,,0.2732,,,14.58,,,0,,,0,,2.81,,,362.9977868
3285,,2.4028,,,0.025629438,,,84.424,,,0.25268,,,26.676,,,68.4,,,1.4536,,,7.320499,,,5.7704,,,0.2956,,,0.2956,,,0.2364,,,,1.0132,,6.643766138,,,0.793817225,,,0.00705,,,0.049812475,,,73.6,,,0.687745605,,,16.96259828,,,18.08,,,1.36,,,,0.2364,,,10.944,,,0,,,0,,2.81,,,330.7415982
3300,,2.8616,,,0.024754138,,,92.856,,,0.22592,,,32.544,,,64.92,,,1.8068,,,5.760123,,,3.7668,,,0.2116,,,0.2116,,,0.282,,,,0.978,,5.856005105,,,1.063653611,,,0.00705,,,0.043648179,,,80,,,0.539369995,,,12.81070278,,,20.16,,,1.624,,,,0.2116,,,11.232,,,0,,,0.00476,,0.000416,,,340.0024028
3315,,2.8616,,,0.024754138,,,92.856,,,0.22592,,,32.544,,,64.92,,,1.8068,,,6.666986,,,3.7668,,,0.2116,,,0.2116,,,0.282,,,,0.978,,5.856005105,,,1.063653611,,,0,,,0.047857837,,,80,,,0.394537475,,,15.18443336,,,20.16,,,1.624,,,,0.2116,,,11.232,,,0,,,0.00476,,0.000416,,,343.1353235
3330,,3.3636,,,0.027145136,,,101.568,,,0.12,,,38.092,,,78.84,,,2.1636,,,6.666986,,,4.0836,,,0.2244,,,0.2244,,,0.2244,,,,0,,4.526885911,,,1.064343843,,,0,,,0.047857837,,,74.4,,,0.394537475,,,15.18443336,,,26.56,,,1.792,,,,0.2244,,,15.852,,,0,,,0,,0.000322,,,375.6449116
3345,,3.3636,,,0.027145136,,,101.568,,,0.12,,,38.092,,,78.84,,,2.1636,,,6.452934,,,4.0836,,,0.2244,,,0.2244,,,0.2244,,,,0,,5.370044804,,,0.685839036,,,0.0051,,,0.049139464,,,74.4,,,0.653193862,,,22.92547158,,,26.56,,,1.792,,,,0.2244,,,15.852,,,0,,,0,,0.000322,,,383.9015899
3360,,2.1332,,,0.026302449,,,80.896,,,0.30464,,,25.132,,,65.72,,,1.3696,,,0,,,15.828,,,0.428,,,0.1428,,,0.2856,,,,0.30464,,5.370044804,,,0.685839036,,,0.0051,,,0.045677405,,,75.2,,,0.228689384,,,14.18850777,,,16,,,1.284,,,,0.2856,,,9.6,,,0,,,0,,0.000568,,,315.4648088
3375,,2.1332,,,0.026302449,,,80.896,,,0.30464,,,25.132,,,65.72,,,1.3696,,,0,,,15.828,,,0.428,,,0.1428,,,0.2856,,,,0.30464,,4.692857958,,,0.652046329,,,0,,,0.045677405,,,75.2,,,0.228689384,,,14.18850777,,,16,,,1.284,,,,0.2856,,,9.6,,,0,,,0,,0.000568,,,314.7487293
3390,,3.2008,,,0.021431559,,,96.296,,,0.21324,,,35.424,,,70.96,,,1.9188,,,0,,,5.5548,,,0.1996,,,0.1996,,,0.3996,,,,0.21324,,6.931520782,,,0.724133522,,,0,,,0.043472638,,,77.6,,,0,,,25.33634611,,,28.36,,,1.596,,,,0.1996,,,19.188,,,0,,,0,,0,,,374.5801846
3405,,3.2008,,,0.021431559,,,96.296,,,0.21324,,,35.424,,,70.96,,,1.9188,,,0,,,5.5548,,,0.1996,,,0.1996,,,0.3996,,,,0.21324,,6.931520782,,,0.724133522,,,0,,,0.041436361,,,77.6,,,0,,,15.7342634,,,28.36,,,1.596,,,,0.1996,,,19.188,,,0,,,0,,0,,,364.9760656
3420,,3.5908,,,0.027415887,,,95.188,,,0,,,44.508,,,66.36,,,2.5124,,,0,,,5.0084,,,0.3356,,,0.3356,,,0,,,,0,,0,,,0,,,0,,,0.041436361,,,74.4,,,0,,,15.7342634,,,39.96,,,1.68,,,,0.3356,,,26.92,,,0,,,0.0101,,0,,,376.9476156
3435,,3.5908,,,0.027415887,,,95.188,,,0,,,44.508,,,66.36,,,2.5124,,,0,,,5.0084,,,0.3356,,,0.3356,,,0,,,,0,,0,,,0,,,0,,,0.046207283,,,74.4,,,0,,,30.06285138,,,39.96,,,1.68,,,,0.3356,,,26.92,,,0,,,0.0101,,0,,,391.2809746
3450,,2.7148,,,0.026953648,,,89.256,,,0.21888,,,29.884,,,67.96,,,1.6204,,,0,,,5.3868,,,0.2048,,,0.2048,,,0.2048,,,,0.56864,,0,,,0,,,0,,,0.050931714,,,80,,,0,,,18.76317753,,,19.68,,,1.432,,,,0.2456,,,11.844,,,0,,,0,,0,,,330.2665829
3465,,2.7148,,,0.026953648,,,89.256,,,0.21888,,,29.884,,,67.96,,,1.6204,,,0,,,5.3868,,,0.2048,,,0.2048,,,0.2048,,,,0.56864,,0,,,0,,,0.00369,,,0.050931714,,,80,,,0,,,18.76317753,,,19.68,,,1.432,,,,0.2456,,,11.844,,,0,,,0,,0,,,330.2702729
3480,,3.1192,,,0.023794134,,,96.28,,,0.23628,,,34.948,,,70.52,,,1.8928,,,0,,,4.0164,,,0.2656,,,0.2656,,,0.2212,,,,0.6152,,0,,,0,,,0.00369,,,0.0444,,,82,,,0,,,0,,,23,,,1.772,,,,0.2212,,,13.716,,,0,,,0,,0,,,333.1613641
3495,,3.1192,,,0.023794134,,,96.28,,,0.23628,,,34.948,,,70.52,,,1.8928,,,0,,,4.0164,,,0.2656,,,0.2656,,,0.2212,,,,0.6152,,0,,,0,,,0.00341,,,0.0444,,,82,,,0,,,0,,,23,,,1.772,,,,0.2212,,,13.716,,,0,,,0,,0,,,333.1610841
3510,,2.5248,,,0.020317487,,,85.684,,,0.24268,,,27.216,,,62.368,,,1.504,,,0,,,4.5708,,,0.2272,,,0.2724,,,0.2724,,,,0.6792,,0,,,0,,,0.00341,,,0,,,76,,,0,,,21.86967825,,,12.84,,,1.408,,,,0.2272,,,5.3836,,,0.048696,,,0,,0,,,303.3623817
3525,,2.5248,,,0.020317487,,,85.684,,,0.24268,,,27.216,,,62.368,,,1.504,,,0,,,4.5708,,,0.2272,,,0.2724,,,0.2724,,,,0.6792,,0,,,0,,,0.00381,,,0,,,76,,,0,,,25.81406385,,,12.84,,,1.408,,,,0.2272,,,5.3836,,,0.048696,,,0,,0,,,307.3071673
3540,,3.5908,,,0,,,89.188,,,0,,,44.508,,,66.36,,,2.5124,,,0,,,5.0084,,,0.3356,,,0.3356,,,0,,,,0,,0,,,0,,,0,,,0,,,75.2,,,0,,,13.27279066,,,39.96,,,1.68,,,,0.3356,,,26.92,,,0,,,0,,0.000262,,,369.2074527
3555,,3.5908,,,0,,,89.188,,,0,,,44.508,,,66.36,,,2.5124,,,0,,,5.0084,,,0.3356,,,0.3356,,,0,,,,0,,0,,,0,,,0,,,0,,,75.2,,,0,,,13.27279066,,,39.96,,,1.68,,,,0.3356,,,26.92,,,0,,,0,,0,,,369.2071907
3570,,2.7148,,,0,,,89.256,,,0.21888,,,29.884,,,67.96,,,1.6204,,,0,,,5.3868,,,0.2048,,,0.2048,,,0.2048,,,,0.56864,,0,,,0,,,0.00643,,,0,,,80,,,0,,,17.55449135,,,19.68,,,1.432,,,,0.2456,,,11.844,,,0,,,0,,0,,,328.9864414
3585,,2.7148,,,0,,,89.256,,,0.21888,,,29.884,,,67.96,,,1.6204,,,0,,,5.3868,,,0.2048,,,0.2048,,,0.2048,,,,0.56864,,0,,,0,,,0.00643,,,0,,,80,,,0,,,24.85530237,,,19.68,,,1.432,,,,0.2456,,,11.844,,,0,,,0.00331,,0,,,336.2905624
3600,,3.1192,,,0,,,96.28,,,0.23628,,,34.948,,,70.52,,,1.8928,,,0,,,4.0164,,,0.2656,,,0.2656,,,0.2212,,,,0.6152,,0,,,0,,,0,,,0.0444,,,82,,,0,,,0,,,23,,,1.772,,,,0.2212,,,13.716,,,0,,,0.00331,,0,,,333.13719
3615,,3.1192,,,0,,,96.28,,,0.23628,,,34.948,,,70.52,,,1.8928,,,0,,,4.0164,,,0.2656,,,0.2656,,,0.2212,,,,0.6152,,0,,,0,,,0,,,0.0444,,,82,,,0,,,0,,,23,,,1.772,,,,0.2212,,,13.716,,,0,,,0,,0.00024,,,333.13412
3630,,2.5248,,,0,,,85.684,,,0.24268,,,27.216,,,62.368,,,1.504,,,0,,,4.5708,,,0.2272,,,0.2724,,,0.2724,,,,0.6792,,0,,,0,,,0,,,0,,,76,,,0,,,0,,,12.84,,,1.408,,,,0.2272,,,5.3836,,,0.048696,,,0,,0.00024,,,281.469216
3645,,2.5248,,,0,,,85.684,,,0.24268,,,27.216,,,62.368,,,1.504,,,0,,,4.5708,,,0.2272,,,0.2724,,,0.2724,,,,0.6792,,0,,,0,,,0,,,0,,,76,,,0,,,0,,,12.84,,,1.408,,,,0.2272,,,5.3836,,,0.048696,,,0.00416,,0,,,281.473136
3660,,2.4456,,,0,,,84.684,,,0.26036,,,26.68,,,62.84,,,1.5092,,,0,,,7.868,,,0.2436,,,0.2436,,,0.2436,,,,0.7824,,0,,,0.003356,,,0,,,0,,,75.2,,,0,,,0,,,13.04,,,1.364,,,,0.2436,,,5.7724,,,0.10392,,,0.00416,,0,,,283.531796
3675,,2.4456,,,0,,,84.684,,,0.26036,,,26.68,,,62.84,,,1.5092,,,0,,,7.868,,,0.2436,,,0.2436,,,0.2436,,,,0.7824,,0,,,0.003356,,,0,,,0,,,75.2,,,0,,,0,,,13.04,,,1.364,,,,0.2436,,,5.7724,,,0.10392,,,0.00643,,0.000637,,,283.534703
3690,,2.86,,,0,,,92.472,,,0.29196,,,32.704,,,71.4,,,1.8084,,,0,,,6.968,,,0.2732,,,0.2184,,,0.2732,,,,0.936,,0,,,0,,,0.0458,,,0,,,77.2,,,0,,,0,,,23.28,,,1.528,,,,0.2732,,,14.58,,,0,,,0.00643,,0.000637,,,327.119227
3705,,2.4028,,,0,,,84.424,,,0.25268,,,26.676,,,68.4,,,1.4536,,,0,,,5.7704,,,0.2956,,,0.2956,,,0.2364,,,,1.0132,,0,,,0,,,0,,,0,,,73.6,,,0,,,11.83257775,,,18.08,,,1.36,,,,0.2364,,,10.944,,,0,,,0,,0.000338,,,307.2735958
3720,,2.8616,,,0,,,92.856,,,0.22592,,,32.544,,,64.92,,,1.8068,,,0,,,3.7668,,,0.2116,,,0.2116,,,0.282,,,,0.978,,0,,,0,,,0,,,0,,,80,,,0,,,19.61521417,,,20.16,,,1.624,,,,0.2116,,,11.232,,,0,,,0,,0.000338,,,333.5074722
3735,,2.8616,,,0,,,92.856,,,0.22592,,,32.544,,,64.92,,,1.8068,,,0,,,3.7668,,,0.2116,,,0.2116,,,0.282,,,,0.978,,0,,,0,,,0,,,0,,,80,,,0,,,31.49485455,,,20.16,,,1.624,,,,0.2116,,,11.232,,,0,,,0,,0.000189,,,345.3869636
3750,,0,,,0,,,0,,,0.12188,,,0,,,0,,,0,,,0.030492,,,0.030492,,,0.1108,,,0.0832,,,0.1108,,,,0,,0.02772,,,0,,,0.065,,,0,,,0,,,0,,,0,,,0,,,0,,,,0.1108,,,0.15228,,,0.030492,,,0,,0.00118,,,0.875136
3765,,0,,,0,,,0,,,0.22076,,,0,,,0,,,0,,,0,,,0,,,0.2008,,,0.2008,,,0.2008,,,,0,,0,,,0,,,0.0103,,,0,,,0.0668,,,0,,,0,,,0,,,0,,,,0.2008,,,0.2946,,,0.07344,,,0,,0.00118,,,1.47028
3780,,0,,,0,,,0,,,0.22076,,,0,,,0,,,0,,,0,,,0,,,0.2008,,,0.2008,,,0.2008,,,,0,,0,,,0,,,0.0103,,,0,,,0.0668,,,0,,,0,,,0,,,0,,,,0.2008,,,0.2946,,,0.07344,,,0,,0,,,1.4691
3795,,0,,,0,,,0,,,0.10072,,,0,,,0,,,0,,,0,,,0.05016,,,0.1372,,,0.0916,,,0.0916,,,,0,,0,,,0,,,0.0102,,,0,,,0,,,0,,,0.0456,,,0,,,0,,,,0.1372,,,0.10072,,,0,,,0,,0,,,0.765
3810,,0,,,0,,,0,,,0.10072,,,0,,,0,,,0,,,0,,,0.05016,,,0.1372,,,0.0916,,,0.0916,,,,0,,0,,,0,,,0.0102,,,0,,,0,,,0,,,0.0456,,,0,,,0,,,,0.1372,,,0.10072,,,0,,,0,,0,,,0.765
3825,,0,,,0,,,0,,,0.1046,,,0,,,0,,,0,,,0.05228,,,0.05228,,,0.1428,,,0.1428,,,0.0952,,,,0.05228,,0,,,0,,,0,,,0,,,0.0476,,,0,,,0,,,0,,,0,,,,0.0952,,,0.1046,,,0,,,0,,0,,,0.88964
3840,,0,,,0,,,0,,,0.1046,,,0,,,0,,,0,,,0.05228,,,0.05228,,,0.1428,,,0.1428,,,0.0952,,,,0.05228,,0,,,0,,,0,,,0,,,0.0476,,,0,,,0,,,0,,,0,,,,0.0952,,,0.1046,,,0,,,0,,0,,,0.88964
3855,,0,,,0,,,0,,,0.09896,,,0,,,0,,,0,,,0.010996,,,0.021992,,,0.1,,,0.1,,,0.1,,,,0,,0,,,0,,,0,,,0,,,0.02,,,0.01,,,0.01,,,0,,,0,,,,0.09,,,0.12096,,,0,,,0,,0,,,0.682908
3870,,0,,,0,,,0,,,0.09896,,,0,,,0,,,0,,,0.010996,,,0.021992,,,0.1,,,0.1,,,0.1,,,,0,,0,,,0,,,0,,,0,,,0.02,,,0.01,,,0.01,,,0,,,0,,,,0.09,,,0.12096,,,0,,,0,,0,,,0.682908
3885,,0,,,0,,,0,,,0.10156,,,0,,,0,,,0,,,0.009232,,,0.018424,,,0.0924,,,0.0924,,,0.0924,,,,0,,0,,,0,,,0.0125,,,0,,,0.0084,,,0.0084,,,0.0084,,,0,,,0,,,,0.084,,,0.10156,,,0.009232,,,0,,0,,,0.638908
3900,,0,,,0,,,0,,,0.10156,,,0,,,0,,,0,,,0.009232,,,0.018424,,,0.0924,,,0.0924,,,0.0924,,,,0,,0,,,0,,,0.0125,,,0,,,0.0084,,,0.0084,,,0.0084,,,0,,,0,,,,0.084,,,0.10156,,,0.009232,,,0.0102,,0,,,0.649108
3915,,0,,,0,,,0,,,0.13936,,,0,,,0,,,0,,,0.013936,,,0.027872,,,0.1396,,,0.1268,,,0.1268,,,,0,,0.01268,,,0,,,0.0138,,,0,,,0.01268,,,0,,,0.01268,,,0,,,0,,,,0.1268,,,0.15344,,,0.027872,,,0.0102,,0,,,0.94452
3930,,0,,,0,,,0,,,0.13936,,,0,,,0,,,0,,,0.013936,,,0.027872,,,0.1396,,,0.1268,,,0.1268,,,,0,,0.01268,,,0,,,0.0138,,,0,,,0.01268,,,0,,,0.01268,,,0,,,0,,,,0.1268,,,0.15344,,,0.027872,,,0,,0,,,0.93432
,,0,,,0,,,0,,,0.12044,,,0,,,0,,,0,,,0,,,0.020088,,,0.1096,,,0.0732,,,0.1096,,,,0,,0,,,0,,,0,,,0,,,0,,,0,,,0.01828,,,0,,,0,,,,0.1096,,,0.12044,,,0,,,0,,0,,,0.681248
,,0,,,0,,,0,,,0.12484,,,0,,,0,,,0,,,0,,,0.031204,,,0.142,,,0.1136,,,0.1136,,,,0.031204,,0,,,0.002804,,,0,,,0,,,0,,,0,,,0.0284,,,0,,,0,,,,0.1136,,,0.15604,,,0.031204,,,0,,0,,,0.888496
,,,,,,,,,,,,,,,,,,,,,,,,,,0,,,,,,,,,,,,,,,,,,,,,,,,,,,,,,,,,,,,,,,,,,,,,,,,,,,,,,,,,
,,,,,,,,,,,,,,,,,,,,,,,,,,0,,,,,,,,,,,,,,,,,,,,,,,,,,,,,,,,,,,,,,,,,,,,,,,,,,,,,,,,,
MAX,,3.5908,0,0,0.027415887,0,0,101.568,0,0,0.30464,0,0,44.508,0,0,78.84,0,0,2.5124,0,0,7.493972,0,0,15.828,0,0,0.524,0,0,0.3356,0,0,0.3996,0,0,0,7.344,0,8.982977993,0,0,1.06916178,0,0,0.065,0,0,0.051588151,0,0,82,0,0,0.693900509,0,0,31.80402229,0,0,39.96,0,0,1.908,0,0,0,0.3876,0,0,26.92,0,0,0.27764,0,0,0.0119,0,3.02,0,0,404.0427994
,,,,,,,,,,,,,,,,,,,,,,,,,,,,,,,,,,,,,,,,,,,,,,,,,,,,,,,,,,,,,,,,,,,,,,,,,,,,,,,,,,,
,,,,,,,,,,,,,,,,,,,,,,,,,,,,,,,,,,,,,,,,,,,,,,,,,,,,,,,,,,,,,,,,,,,,,,,,,,,,,,,,,,,
,,,,,,,,,,,,,,,,,,,,,,,,,,,,,,,,,,,,,,,,,,,,,,,,,,,,,,,,,,,,,,,,,,,,,,,,,,,,,,,,,,,
,,,,,,,,,,,,,,,,,,,,,,,,,,,,,,,,,,,,,,,,,,,,,,,,,,,,,,,,,,,,,,,,,,,,,,,,,,,,,,,,,,,
,,,,,,,,,,,,,,,,,,,,,,,,,,,,,,,,,,,,,,,,,,,,,,,,,,,,,,,,,,,,,,,,,,,,,,,,,,,,,,,,,,,404.0427994
